-0.99,-0.99,121.70334877766405
-0.99,-0.89,167.37737456316032
-0.99,-0.79,229.53695489009783
-0.99,-0.69,313.89658363353453
-0.99,-0.59,428.0700560532991
-0.99,-0.49,582.1746546827436
-0.99,-0.3899999999999999,789.6189158937846
-0.99,-0.2899999999999999,1068.1271341688275
-0.99,-0.18999999999999995,1441.0683905680273
-0.99,-0.08999999999999997,1939.176333124349
-0.99,0.010000000000000009,2602.7691511097755
-0.99,0.1100000000000001,3484.608247936221
-0.99,0.2100000000000002,4653.570656536536
-0.99,0.31000000000000005,6199.355575085312
-0.99,0.41000000000000014,8238.502400403027
-0.99,0.51,10922.067841320963
-0.99,0.6100000000000001,14445.397384505595
-0.99,0.7100000000000002,19060.534724046247
-0.99,0.81,25091.94639432642
-0.99,0.9100000000000001,32956.40397222675
-0.99,1.01,43188.06879879588
-0.99,1.11,56470.07370362243
-0.99,1.2100000000000002,73674.2004943517
-0.99,1.3100000000000003,95910.6267211647
-0.99,1.4100000000000004,124590.16675529291
-0.99,1.51,161501.99085166762
-0.99,1.61,208910.47723338436
-0.99,1.7100000000000002,269675.66915589967
-0.99,1.8100000000000003,347402.7956681473
-0.99,1.9100000000000004,446627.5197504149
-0.89,-0.99,1337.28828240411
-0.89,-0.89,1819.4517499594037
-0.89,-0.79,2468.6479911992483
-0.89,-0.69,3340.387423543444
-0.89,-0.59,4507.847408758666
-0.89,-0.49,6067.2465188806145
-0.89,-0.3899999999999999,8144.777940562875
-0.89,-0.2899999999999999,10905.53233336914
-0.89,-0.18999999999999995,14564.953145914367
-0.89,-0.08999999999999997,19403.50776969524
-0.89,0.010000000000000009,25785.432979752735
-0.89,0.1100000000000001,34182.63026869082
-0.89,0.2100000000000002,45205.055674335905
-0.89,0.31000000000000005,59639.28122744571
-0.89,0.41000000000000014,78497.31635772342
-0.89,0.51,103078.28114951344
-0.89,0.6100000000000001,135046.1448496115
-0.89,0.7100000000000002,176527.50551125925
-0.89,0.81,230234.31007435112
-0.89,0.9100000000000001,299617.55876919953
-0.89,1.01,389059.4153429254
-0.89,1.11,504112.82836083864
-0.89,1.2100000000000002,651799.7999405015
-0.89,1.3100000000000003,840981.9454668236
-0.89,1.4100000000000004,1.0828199074945603e6
-0.89,1.51,1.3913418731072468e6
-0.89,1.61,1.78414572948488e6
-0.89,1.7100000000000002,2.283264602340037e6
-0.89,1.8100000000000003,2.9162318581797476e6
-0.89,1.9100000000000004,3.717389037903829e6
-0.79,-0.99,2552.2595245689295
-0.79,-0.89,3462.409216224033
-0.79,-0.79,4684.316949849043
-0.79,-0.69,6320.395363312383
-0.79,-0.59,8505.264362613092
-0.79,-0.49,11415.428473684964
-0.79,-0.3899999999999999,15281.72609747509
-0.79,-0.2899999999999999,20405.305625866724
-0.79,-0.18999999999999995,27178.07832547517
-0.79,-0.08999999999999997,36108.84002878498
-0.79,0.010000000000000009,47856.555372075636
-0.79,0.1100000000000001,63272.66980416928
-0.79,0.2100000000000002,83454.77556700195
-0.79,0.31000000000000005,109814.5265449575
-0.79,0.41000000000000014,144163.39144097597
-0.79,0.51,188820.69759999536
-0.79,0.6100000000000001,246749.46146564255
-0.79,0.7100000000000002,321726.78797142993
-0.79,0.81,418557.1926416702
-0.79,0.9100000000000001,543339.0911320688
-0.79,1.01,703797.0341828532
-0.79,1.11,909695.0652341509
-0.79,1.2100000000000002,1.1733499828076966e6
-0.79,1.3100000000000003,1.5102673792300106e6
-0.79,1.4100000000000004,1.9399283191232008e6
-0.79,1.51,2.486760417503556e6
-0.79,1.61,3.181334317257294e6
-0.79,1.7100000000000002,4.06183504389429e6
-0.79,1.8100000000000003,5.175868095243683e6
-0.79,1.9100000000000004,6.58267237405701e6
-0.69,-0.99,3766.958587111779
-0.69,-0.89,5101.340184760088
-0.69,-0.79,6889.675782923383
-0.69,-0.69,9280.04401203672
-0.69,-0.59,12466.755816003719
-0.69,-0.49,16704.14231991378
-0.69,-0.3899999999999999,22324.261557568458
-0.69,-0.2899999999999999,29759.582662375768
-0.69,-0.18999999999999995,39571.97752274837
-0.69,-0.08999999999999997,52489.68584702963
-0.69,0.010000000000000009,69454.3377830619
-0.69,0.1100000000000001,91680.63201392132
-0.69,0.2100000000000002,120731.90462148818
-0.69,0.31000000000000005,158615.60666194945
-0.69,0.41000000000000014,207903.66696937088
-0.69,0.51,271883.89964090567
-0.69,0.6100000000000001,354750.0513670553
-0.69,0.7100000000000002,461839.84054661426
-0.69,0.81,599932.4948013735
-0.69,0.9100000000000001,777619.8763368203
-0.69,1.01,1.0057684550928428e6
-0.69,1.11,1.2980932176321994e6
-0.69,1.2100000000000002,1.6718692080757841e6
-0.69,1.3100000000000003,2.1488119638084355e6
-0.69,1.4100000000000004,2.756164866759034e6
-0.69,1.51,3.5280394195302455e6
-0.69,1.61,4.507064138124915e6
-0.69,1.7100000000000002,5.746409477346558e6
-0.69,1.8100000000000003,7.312269699621256e6
-0.69,1.9100000000000004,9.286899580830274e6
-0.59,-0.99,4981.4774713063225
-0.59,-0.89,6737.610764615255
-0.59,-0.79,9088.235392104416
-0.59,-0.69,12226.291485999469
-0.59,-0.59,16404.643851442277
-0.59,-0.49,21953.857055379493
-0.59,-0.3899999999999999,29304.994468086395
-0.59,-0.2899999999999999,39018.79045590311
-0.59,-0.18999999999999995,51822.88888163879
-0.59,-0.08999999999999997,68659.2660699454
-0.59,0.010000000000000009,90744.4841429476
-0.59,0.1100000000000001,119646.07111749687
-0.59,0.2100000000000002,157379.12571752846
-0.59,0.31000000000000005,206528.22937072598
-0.59,0.41000000000000014,270400.95871440787
-0.59,0.51,353220.76862451504
-0.59,0.6100000000000001,460368.8290462271
-0.59,0.7100000000000002,598686.5891648415
-0.59,0.81,776853.5439544746
-0.59,0.9100000000000001,1.0058579196602326e6
-0.59,1.01,1.2995819194560633e6
-0.59,1.11,1.675528002388584e6
-0.59,1.2100000000000002,2.155718337690549e6
-0.59,1.3100000000000003,2.76780660501644e6
-0.59,1.4100000000000004,3.5464495663878177e6
-0.59,1.51,4.5349959779200265e6
-0.59,1.61,5.787562146622431e6
-0.59,1.7100000000000002,7.371578195927743e6
-0.59,1.8100000000000003,9.370905799512519e6
-0.59,1.9100000000000004,1.1889648869245691e7
-0.49,-0.99,6195.861199260298
-0.49,-0.89,8371.888335473577
-0.49,-0.79,11281.708029229894
-0.49,-0.69,15162.525513321973
-0.49,-0.59,20324.917755517105
-0.49,-0.49,27174.50537125557
-0.49,-0.3899999999999999,36239.723051277906
-0.49,-0.2899999999999999,48207.31902959697
-0.49,-0.18999999999999995,63967.62703422112
-0.49,-0.08999999999999997,84672.16600909832
-0.49,0.010000000000000009,111806.75570787839
-0.49,0.1100000000000001,147284.11486455562
-0.49,0.2100000000000002,193560.872353122
-0.49,0.31000000000000005,253785.09664102134
-0.49,0.41000000000000014,331981.89926342544
-0.49,0.51,433286.43060750375
-0.49,0.6100000000000001,564235.7490019123
-0.49,0.7100000000000002,733133.6676182782
-0.49,0.81,950505.8800383441
-0.49,0.9100000000000001,1.229666535594737e6
-0.49,1.01,1.587422142322087e6
-0.49,1.11,2.0449443002428922e6
-0.49,1.2100000000000002,2.6288496965064546e6
-0.49,1.3100000000000003,3.37253385559995e6
-0.49,1.4100000000000004,4.317815288304972e6
-0.49,1.51,5.516958173402837e6
-0.49,1.61,7.035156346631027e6
-0.49,1.7100000000000002,8.953577910869738e6
-0.49,1.8100000000000003,1.1373090293569047e7
-0.49,1.9100000000000004,1.4418809611789333e7
-0.38999999999999996,-0.99,7410.136672516439
-0.38999999999999996,-0.89,10004.57119123222
-0.38999999999999996,-0.79,13471.114360379937
-0.38999999999999996,-0.69,18090.76312564125
-0.38999999999999996,-0.59,24231.139361267047
-0.38999999999999996,-0.49,32371.98741363212
-0.38999999999999996,-0.3899999999999999,43137.82097281356
-0.38999999999999996,-0.2899999999999999,57339.623301385815
-0.38999999999999996,-0.18999999999999995,76027.9856770495
-0.38999999999999996,-0.08999999999999997,100560.66377861031
-0.38999999999999996,0.010000000000000009,132688.26577433568
-0.38999999999999996,0.1100000000000001,174662.6918375415
-0.38999999999999996,0.2100000000000002,229374.05897185436
-0.38999999999999996,0.31000000000000005,300523.21083195216
-0.38999999999999996,0.41000000000000014,392838.5872891458
-0.38999999999999996,0.51,512348.27009991003
-0.38999999999999996,0.6100000000000001,666720.5194628171
-0.38999999999999996,0.7100000000000002,865689.1577177758
-0.38999999999999996,0.81,1.1215838206218379e6
-0.38999999999999996,0.9100000000000001,1.449989602622584e6
-0.38999999999999996,1.01,1.8705659913927573e6
-0.38999999999999996,1.11,2.408061541921489e6
-0.38999999999999996,1.2100000000000002,3.093568600816083e6
-0.38999999999999996,1.3100000000000003,3.9660719021961116e6
-0.38999999999999996,1.4100000000000004,5.074356035224274e6
-0.38999999999999996,1.51,6.479350801262333e6
-0.38999999999999996,1.61,8.257009202210761e6
-0.38999999999999996,1.7100000000000002,1.0501832904497901e7
-0.38999999999999996,1.8100000000000003,1.3331182591269488e7
-0.38999999999999996,1.9100000000000004,1.6890538840005524e7
-0.2899999999999999,-0.99,8624.321821129364
-0.2899999999999999,-0.89,11635.924550082396
-0.2899999999999999,-0.79,15657.133399235348
-0.2899999999999999,-0.69,21012.344974275285
-0.2899999999999999,-0.59,28125.673914757594
-0.2899999999999999,-0.49,37550.217710154604
-0.2899999999999999,-0.3899999999999999,50005.50171201886
-0.2899999999999999,-0.2899999999999999,66425.27657345017
-0.2899999999999999,-0.18999999999999995,88018.38616158304
-0.2899999999999999,-0.08999999999999997,116346.0994537198
-0.2899999999999999,0.010000000000000009,153420.13540133764
-0.2899999999999999,0.1100000000000001,201826.63424087764
-0.2899999999999999,0.2100000000000002,264882.59447202086
-0.2899999999999999,0.31000000000000005,346832.8414355439
-0.2899999999999999,0.41000000000000014,453097.48922132375
-0.2899999999999999,0.51,590582.1699009789
-0.2899999999999999,0.6100000000000001,768066.1293424687
-0.2899999999999999,0.7100000000000002,996686.7224306174
-0.2899999999999999,0.81,1.290542975285309e6
-0.2899999999999999,0.9100000000000001,1.667445994725025e6
-0.2899999999999999,1.01,2.149850015123749e6
-0.2899999999999999,1.11,2.766005311514232e6
-0.2899999999999999,1.2100000000000002,3.5513830359576587e6
-0.2899999999999999,1.3100000000000003,4.550432682151579e6
-0.2899999999999999,1.4100000000000004,5.818745725984683e6
-0.2899999999999999,1.51,7.425714241681327e6
-0.2899999999999999,1.61,9.45779159661534e6
-0.2899999999999999,1.7100000000000002,1.2022484447409594e7
-0.2899999999999999,1.8100000000000003,1.5253230638531785e7
-0.2899999999999999,1.9100000000000004,1.931534970877093e7
-0.18999999999999995,-0.99,9838.429462942595
-0.18999999999999995,-0.89,13266.137867723237
-0.18999999999999995,-0.79,17840.249829446904
-0.18999999999999995,-0.69,23928.227274907622
-0.18999999999999995,-0.59,32010.207235227375
-0.18999999999999995,-0.49,42711.98423146321
-0.18999999999999995,-0.3899999999999999,56847.18733686522
-0.18999999999999995,-0.2899999999999999,75471.08714852796
-0.18999999999999995,-0.18999999999999995,99949.07674720544
-0.18999999999999995,-0.08999999999999997,132043.62756693098
-0.18999999999999995,0.010000000000000009,174024.45000635574
-0.18999999999999995,0.1100000000000001,228807.7357946788
-0.18999999999999995,0.2100000000000002,300131.76945848524
-0.18999999999999995,0.31000000000000005,392777.91433546745
-0.18999999999999995,0.41000000000000014,512848.1021036373
-0.18999999999999995,0.51,668112.5168969878
-0.18999999999999995,0.6100000000000001,868444.311990493
-0.18999999999999995,0.7100000000000002,1.1263620183560671e6
-0.18999999999999995,0.81,1.457704909235348e6
-0.18999999999999995,0.9100000000000001,1.8824722210204124e6
-0.18999999999999995,1.01,2.425863872592443e6
-0.18999999999999995,1.11,3.119568512514145e6
-0.18999999999999995,1.2100000000000002,4.00335455787463e6
-0.18999999999999995,1.3100000000000003,5.127031657998102e6
-0.18999999999999995,1.4100000000000004,6.552864304907333e6
-0.18999999999999995,1.51,8.358536077916795e6
-0.18999999999999995,1.61,1.0640783432257075e7
-0.18999999999999995,1.7100000000000002,1.3519842292937001e7
-0.18999999999999995,1.8100000000000003,1.7144878848166578e7
-0.18999999999999995,1.9100000000000004,2.1700611063029237e7
-0.08999999999999994,-0.99,11052.469222205216
-0.08999999999999994,-0.89,14895.353299091947
-0.08999999999999994,-0.79,20020.82709557962
-0.08999999999999994,-0.69,26839.12662420458
-0.08999999999999994,-0.59,35886.001834388
-0.08999999999999994,-0.49,47859.37355184446
-0.08999999999999994,-0.3899999999999999,63666.185440541965
-0.08999999999999994,-0.2899999999999999,84482.14420576929
-0.08999999999999994,-0.18999999999999995,111827.71384821105
-0.08999999999999994,-0.08999999999999997,147664.56275405514
-0.08999999999999994,0.010000000000000009,194517.6880946658
-0.08999999999999994,0.1100000000000001,255629.7048350772
-0.08999999999999994,0.2100000000000002,335155.33651739353
-0.08999999999999994,0.31000000000000005,438406.0440609276
-0.08999999999999994,0.41000000000000014,572157.0496396782
-0.08999999999999994,0.51,745031.8502689138
-0.08999999999999994,0.6100000000000001,967982.7536238723
-0.08999999999999994,0.7100000000000002,1.254890166460424e6
-0.08999999999999994,0.81,1.6233084512991891e6
-0.08999999999999994,0.9100000000000001,2.0953923042604832e6
-0.08999999999999994,1.01,2.6990450185085186e6
-0.08999999999999994,1.11,3.4693390491909804e6
-0.08999999999999994,1.2100000000000002,4.45026985494324e6
-0.08999999999999994,1.3100000000000003,5.6969172047189465e6
-0.08999999999999994,1.4100000000000004,7.278103443100887e6
-0.08999999999999994,1.51,9.279656792604763e6
-0.08999999999999994,1.61,1.1808410148068298e7
-0.08999999999999994,1.7100000000000002,1.4997091839808442e7
-0.08999999999999994,1.8100000000000003,1.90102968217524e7
-0.08999999999999994,1.9100000000000004,2.4051763510902338e7
0.010000000000000064,-0.99,12266.448592880623
0.010000000000000064,-0.89,16523.681478877505
0.010000000000000064,-0.79,22199.147887279203
0.010000000000000064,-0.69,29745.60005806126
0.010000000000000064,-0.59,39754.03857680339
0.010000000000000064,-0.49,52994.00593375361
0.010000000000000064,-0.3899999999999999,70465.06297259593
0.010000000000000064,-0.2899999999999999,93462.39535366451
0.010000000000000064,-0.18999999999999995,123660.23287869777
0.010000000000000064,-0.08999999999999997,163217.67180907185
0.010000000000000064,0.010000000000000009,214912.61189495685
0.010000000000000064,0.1100000000000001,282310.89249358175
0.010000000000000064,0.2100000000000002,369979.408512646
0.010000000000000064,0.31000000000000005,483754.04672924156
0.010000000000000064,0.41000000000000014,631075.8197487512
0.010000000000000064,0.51,821411.6553487944
0.010000000000000064,0.6100000000000001,1.066780040115099e6
0.010000000000000064,0.7100000000000002,1.382406305830739e6
0.010000000000000064,0.81,1.7875378131510534e6
0.010000000000000064,0.9100000000000001,2.306456031217387e6
0.010000000000000064,1.01,2.9697305441049803e6
0.010000000000000064,1.11,3.815769731641775e6
0.010000000000000064,1.2100000000000002,4.892734559109068e6
0.010000000000000064,1.3100000000000003,6.260896031501463e6
0.010000000000000064,1.4100000000000004,7.99553350213651e6
0.010000000000000064,1.51,1.0190491364037223e7
0.010000000000000064,1.61,1.2962535524583947e7
0.010000000000000064,1.7100000000000002,1.6456679677454222e7
0.010000000000000064,1.8100000000000003,2.085268559111815e7
0.010000000000000064,1.9100000000000004,2.6372982060416542e7
0.1100000000000001,-0.99,13480.37357662341
0.1100000000000001,-0.89,18151.210959849464
0.1100000000000001,-0.79,24375.438366004168
0.1100000000000001,-0.69,32648.09303602484
0.1100000000000001,-0.59,43615.101470753696
0.1100000000000001,-0.49,58117.1758283162
0.1100000000000001,-0.3899999999999999,77245.86963568177
0.1100000000000001,-0.2899999999999999,102414.99119125388
0.1100000000000001,-0.18999999999999995,135451.36883611177
0.1100000000000001,-0.08999999999999997,178709.94531682043
0.1100000000000001,0.010000000000000009,235219.3921860389
0.1100000000000001,0.1100000000000001,308865.91782892897
0.1100000000000001,0.2100000000000002,404624.7780083203
0.1100000000000001,0.31000000000000005,528851.2263322414
0.1100000000000001,0.41000000000000014,689645.3753073529
0.1100000000000001,0.51,897308.7735820209
0.1100000000000001,0.6100000000000001,1.1649145324013762e6
0.1100000000000001,0.7100000000000002,1.509017806514823e6
0.1100000000000001,0.81,1.9505392853159006e6
0.1100000000000001,0.9100000000000001,2.5158617040250935e6
0.1100000000000001,1.01,3.238187923997775e6
0.1100000000000001,1.11,4.1592196951048765e6
0.1100000000000001,1.2100000000000002,5.331228810119084e6
0.1100000000000001,1.3100000000000003,6.819607427422552e6
0.1100000000000001,1.4100000000000004,8.706002377999092e6
0.1100000000000001,1.51,1.1092160135984695e7
0.1100000000000001,1.61,1.410463466594315e7
0.1100000000000001,1.7100000000000002,1.7900541350935485e7
0.1100000000000001,1.8100000000000003,2.2674576780153677e7
0.1100000000000001,1.9100000000000004,2.866756741714375e7
0.2100000000000002,-0.99,14694.249088627623
0.2100000000000002,-0.89,19778.01423513789
0.2100000000000002,-0.79,26549.8835808394
0.2100000000000002,-0.69,35546.96986566542
0.2100000000000002,-0.59,47469.831437012086
0.2100000000000002,-0.49,63229.94093702111
0.2100000000000002,-0.3899999999999999,84010.27972259943
0.2100000000000002,-0.2899999999999999,111342.50405422178
0.2100000000000002,-0.18999999999999995,147204.98584754206
0.2100000000000002,-0.08999999999999997,194147.08601529064
0.2100000000000002,0.010000000000000009,255446.32322456656
0.2100000000000002,0.1100000000000001,335306.69688475336
0.2100000000000002,0.2100000000000002,439108.3861896103
0.2100000000000002,0.31000000000000005,573721.4478008281
0.2100000000000002,0.41000000000000014,747899.0632898448
0.2100000000000002,0.51,972769.4606397887
0.2100000000000002,0.6100000000000001,1.262449973112074e6
0.2100000000000002,0.7100000000000002,1.6348119696121146e6
0.2100000000000002,0.81,2.1124317805995275e6
0.2100000000000002,0.9100000000000001,2.7237704362730314e6
0.2100000000000002,1.01,3.504634391801578e6
0.2100000000000002,1.11,4.499980512522805e6
0.2100000000000002,1.2100000000000002,5.766142289227491e6
0.2100000000000002,1.3100000000000003,7.373570041876216e6
0.2100000000000002,1.4100000000000004,9.410197681275466e6
0.2100000000000002,1.51,1.1985571369191542e7
0.2100000000000002,1.61,1.5235903063048847e7
0.2100000000000002,1.7100000000000002,1.933024507279062e7
0.2100000000000002,1.8100000000000003,2.4478020556348823e7
0.2100000000000002,1.9100000000000004,3.0938191295142133e7
0.31000000000000016,-0.99,15908.079228487182
0.31000000000000016,-0.89,21404.151742591384
0.31000000000000016,-0.79,28722.637761595633
0.31000000000000016,-0.69,38442.534041882485
0.31000000000000016,-0.59,51318.76217691686
0.31000000000000016,-0.49,68333.1816955213
0.31000000000000016,-0.3899999999999999,90759.68616048961
0.31000000000000016,-0.2899999999999999,120247.07345054478
0.31000000000000016,-0.18999999999999995,158924.2967953648
0.31000000000000016,-0.08999999999999997,209533.8331818112
0.31000000000000016,0.010000000000000009,275600.2955482451
0.31000000000000016,0.1100000000000001,361643.12538722
0.31000000000000016,0.2100000000000002,473444.2964781746
0.31000000000000016,0.31000000000000005,618384.5157889131
0.31000000000000016,0.41000000000000014,805864.5470546837
0.31000000000000016,0.51,1.0478320805285994e6
0.31000000000000016,0.6100000000000001,1.3594392018613324e6
0.31000000000000016,0.7100000000000002,1.7598611461118532e6
0.31000000000000016,0.81,2.2733137982882056e6
0.31000000000000016,0.9100000000000001,2.9303156490414473e6
0.31000000000000016,1.01,3.7692497744462057e6
0.31000000000000016,1.11,4.838293487019116e6
0.31000000000000016,1.2100000000000002,6.197797332295162e6
0.31000000000000016,1.3100000000000003,7.923212742528891e6
0.31000000000000016,1.4100000000000004,1.0108687840910308e7
0.31000000000000016,1.51,1.2871475610259438e7
0.31000000000000016,1.61,1.635732821708631e7
0.31000000000000016,1.7100000000000002,2.0747085675626095e7
0.31000000000000016,1.8100000000000003,2.6264709335545942e7
0.31000000000000016,1.9100000000000004,3.31870589104201e7
0.4100000000000002,-0.99,17121.867467815853
0.4100000000000002,-0.89,23029.674641841873
0.4100000000000002,-0.79,30893.831411093062
0.4100000000000002,-0.69,41335.04230922273
0.4100000000000002,-0.59,55162.34497872228
0.4100000000000002,-0.49,73427.64232526525
0.4100000000000002,-0.3899999999999999,97495.26614104296
0.4100000000000002,-0.2899999999999999,129130.5066479269
0.4100000000000002,-0.18999999999999995,170612.01476966127
0.4100000000000002,-0.08999999999999997,224874.18712055928
0.4100000000000002,0.010000000000000009,295687.1223353707
0.4100000000000002,0.1100000000000001,387883.5505641104
0.4100000000000002,0.2100000000000002,507644.3679724827
0.4100000000000002,0.31000000000000005,662857.125263548
0.4100000000000002,0.41000000000000014,863565.1378040641
0.4100000000000002,0.51,1.122528942508231e6
0.4100000000000002,0.6100000000000001,1.4559267137257648e6
0.4100000000000002,0.7100000000000002,1.8842262354773376e6
0.4100000000000002,0.81,2.4332682323267213e6
0.4100000000000002,0.9100000000000001,3.1356095619334495e6
0.4100000000000002,1.01,4.032185311541778e6
0.4100000000000002,1.11,5.174361443677395e6
0.4100000000000002,1.2100000000000002,6.626464847766639e6
0.4100000000000002,1.3100000000000003,8.468895906578882e6
0.4100000000000002,1.4100000000000004,1.0801950278368033e7
0.4100000000000002,1.51,1.3750503105948547e7
0.4100000000000002,1.61,1.7469739136614e7
0.4100000000000002,1.7100000000000002,2.2152149939431466e7
0.4100000000000002,1.8100000000000003,2.803606298713121e7
0.4100000000000002,1.9100000000000004,3.541601948794565e7
0.5100000000000002,-0.99,18335.616784442664
0.5100000000000002,-0.89,24654.626799989877
0.5100000000000002,-0.79,33063.57638031369
0.5100000000000002,-0.69,44224.714604389774
0.5100000000000002,-0.59,59000.966418833515
0.5100000000000002,-0.49,78513.9600876121
0.5100000000000002,-0.3899999999999999,104218.02724246382
0.5100000000000002,-0.2899999999999999,137994.34990893336
0.5100000000000002,-0.18999999999999995,182270.45995599453
0.5100000000000002,-0.08999999999999997,240171.56922086483
0.5100000000000002,0.010000000000000009,315711.7748033556
0.5100000000000002,0.1100000000000001,414035.1059590684
0.5100000000000002,0.2100000000000002,541718.7318766863
0.5100000000000002,0.31000000000000005,707153.5322012526
0.5100000000000002,0.41000000000000014,921020.7363673013
0.5100000000000002,0.51,1.1968876277684513e6
0.5100000000000002,0.6100000000000001,1.551950477449143e6
0.5100000000000002,0.7100000000000002,2.0079591910004776e6
0.5100000000000002,0.81,2.5923657661674134e6
0.5100000000000002,0.9100000000000001,3.339747873826403e6
0.5100000000000002,1.01,4.293569895561052e6
0.5100000000000002,1.11,5.5083572533924e6
0.5100000000000002,1.2100000000000002,7.052375629110301e6
0.5100000000000002,1.3100000000000003,9.010926364202222e6
0.5100000000000002,1.4100000000000004,1.1490391463670125e7
0.5100000000000002,1.51,1.4623190246559516e7
0.5100000000000002,1.61,1.8573841156379227e7
0.5100000000000002,1.7100000000000002,2.354636217917775e7
0.5100000000000002,1.8100000000000003,2.979328900468531e7
0.5100000000000002,1.9100000000000004,3.7626645098613e7
0.6100000000000001,-0.99,19549.329760491255
0.6100000000000001,-0.89,26279.046249868334
0.6100000000000001,-0.79,35231.969623001605
0.6100000000000001,-0.69,47111.74152790914
0.6100000000000001,-0.59,62834.96128706269
0.6100000000000001,-0.49,83592.68673689032
0.6100000000000001,-0.3899999999999999,110928.84155085214
0.6100000000000001,-0.2899999999999999,146839.94160360887
0.6100000000000001,-0.18999999999999995,193901.640200396
0.6100000000000001,-0.08999999999999997,255428.9377625423
0.6100000000000001,0.010000000000000009,335678.5499503554
0.6100000000000001,0.1100000000000001,440103.9571087466
0.6100000000000001,0.2100000000000002,575676.142281352
0.6100000000000001,0.31000000000000005,751286.0535030087
0.6100000000000001,0.41000000000000014,978248.5307800907
0.6100000000000001,0.51,1.270931946661963e6
0.6100000000000001,0.6100000000000001,1.6475432572708442e6
0.6100000000000001,0.7100000000000002,2.131104830485971e6
0.6100000000000001,0.81,2.7506673794499002e6
0.6100000000000001,0.9100000000000001,3.5428130997865377e6
0.6100000000000001,1.01,4.553514650471083e6
0.6100000000000001,1.11,5.840429833660453e6
0.6100000000000001,1.2100000000000002,7.475728491744435e6
0.6100000000000001,1.3100000000000003,9.54956843567895e6
0.6100000000000001,1.4100000000000004,1.2174361414046971e7
0.6100000000000001,1.51,1.5489998838853315e7
0.6100000000000001,1.61,1.9670241405799896e7
0.6100000000000001,1.7100000000000002,2.493051778646754e7
0.6100000000000001,1.8100000000000003,3.1537425982898567e7
0.6100000000000001,1.9100000000000004,3.98202881441965e7
0.7100000000000001,-0.99,20763.00865699498
0.7100000000000001,-0.89,27902.966277051408
0.7100000000000001,-0.79,37399.095961059844
0.7100000000000001,-0.69,49996.28980030059
0.7100000000000001,-0.59,66664.62238612708
0.7100000000000001,-0.49,88664.3046685956
0.7100000000000001,-0.3899999999999999,117628.47136662525
0.7100000000000001,-0.2899999999999999,155668.4507581643
0.7100000000000001,-0.18999999999999995,205507.30906778024
0.7100000000000001,-0.08999999999999997,270648.87646731565
0.7100000000000001,0.010000000000000009,355591.1987214513
0.7100000000000001,0.1100000000000001,466095.48510756437
0.7100000000000001,0.2100000000000002,609524.2372659986
0.7100000000000001,0.31000000000000005,795265.4322594642
0.7100000000000001,0.41000000000000014,1.0352635093038848e6
0.7100000000000001,0.51,1.34468265810478e6
0.7100000000000001,0.6100000000000001,1.742733621468384e6
0.7100000000000001,0.7100000000000002,2.2537022187223006e6
0.7100000000000001,0.81,2.9082261882405225e6
0.7100000000000001,0.9100000000000001,3.744877091012836e6
0.7100000000000001,1.01,4.812116317857e6
0.7100000000000001,1.11,6.170708907206301e6
0.7100000000000001,1.2100000000000002,7.896696491646994e6
0.7100000000000001,1.3100000000000003,1.00850521269998e7
0.7100000000000001,1.4100000000000004,1.2854164586915763e7
0.7100000000000001,1.51,1.6351330428722106e7
0.7100000000000001,1.61,2.0759467617045682e7
0.7100000000000001,1.7100000000000002,2.6305308225109685e7
0.7100000000000001,1.8100000000000003,3.326937662478634e7
0.7100000000000001,1.9100000000000004,4.199812339670543e7
0.81,-0.99,21976.655469953497
0.81,-0.89,29526.41625829259
0.81,-0.79,39565.03024071768
0.81,-0.69,52878.5064501613
0.81,-0.59,70490.20789131959
0.81,-0.49,93729.2390567455
0.81,-0.3899999999999999,124317.58846930116
0.81,-0.2899999999999999,164480.90762464204
0.81,-0.18999999999999995,217089.0108369516
0.81,-0.08999999999999997,285833.6601856986
0.81,0.010000000000000009,375453.0241247495
0.81,0.1100000000000001,492014.4261484493
0.81,0.2100000000000002,643269.7382488606
0.81,0.31000000000000005,839101.1202306293
0.81,0.41000000000000014,1.0920788540884336e6
0.81,0.51,1.4181580108290089e6
0.81,0.6100000000000001,1.8375466670481712e6
0.81,0.7100000000000002,2.3757856804414573e6
0.81,0.81,3.065088859865002e6
0.81,0.9100000000000001,3.946002984675172e6
0.81,1.01,5.069459881019274e6
0.81,1.11,6.499308279539626e6
0.81,1.2100000000000002,8.3154315197688155e6
0.81,1.3100000000000003,1.0617579255979624e7
0.81,1.4100000000000004,1.353006813803027e7
0.81,1.51,1.7207537257538337e7
0.81,1.61,2.184198272146002e7
0.81,1.7100000000000002,2.767133945900616e7
0.81,1.8100000000000003,3.4989932189490296e7
0.81,1.9100000000000004,4.416118007609153e7
0.9100000000000001,-0.99,23190.27197436604
0.9100000000000001,-0.89,31149.422311223152
0.9100000000000001,-0.79,41729.838974873164
0.9100000000000001,-0.69,55758.52216306621
0.9100000000000001,-0.59,74311.94714873459
0.9100000000000001,-0.49,98787.86770871287
0.9100000000000001,-0.3899999999999999,130996.78945306959
0.9100000000000001,-0.2899999999999999,173278.22679319937
0.9100000000000001,-0.18999999999999995,228648.11659833742
0.9100000000000001,-0.08999999999999997,300985.3080954368
0.9100000000000001,0.010000000000000009,395266.9561846127
0.9100000000000001,0.1100000000000001,517864.9800193755
0.9100000000000001,0.2100000000000002,676918.6040382809
0.9100000000000001,0.31000000000000005,882801.4923157768
0.9100000000000001,0.41000000000000014,1.148706244891734e6
0.9100000000000001,0.51,1.4913741813756276e6
0.9100000000000001,0.6100000000000001,1.9320046418276047e6
0.9100000000000001,0.7100000000000002,2.497385614012676e6
0.9100000000000001,0.81,3.2212967271389104e6
0.9100000000000001,0.9100000000000001,4.146246651302205e6
0.9100000000000001,1.01,5.325620529248459e6
0.9100000000000001,1.11,6.826328729410963e6
0.9100000000000001,1.2100000000000002,8.732067922240198e6
0.9100000000000001,1.3100000000000003,1.1147328310903575e7
0.9100000000000001,1.4100000000000004,1.4202308249733487e7
0.9100000000000001,1.51,1.8058930833421897e7
0.9100000000000001,1.61,2.2918195891517915e7
0.9100000000000001,1.7100000000000002,2.9029147355857205e7
0.9100000000000001,1.8100000000000003,3.669979170282451e7
0.9100000000000001,1.9100000000000004,4.63103679763028e7
1.01,-0.99,24403.859758727376
1.01,-0.89,32772.007810462695
1.01,-0.79,43893.581686892365
1.01,-0.69,58636.45381766481
1.01,-0.59,78130.04529835931
1.01,-0.49,103840.5281754876
1.01,-0.3899999999999999,137666.60724175838
1.01,-0.2899999999999999,182061.2252217154
1.01,-0.18999999999999995,240185.85091623417
1.01,-0.08999999999999997,316105.6223077345
1.01,0.010000000000000009,415035.6103186102
1.01,0.1100000000000001,543650.8968876111
1.01,0.2100000000000002,710476.1537053812
1.01,0.31000000000000005,926374.0271047469
1.01,0.41000000000000014,1.205156106930867e6
1.01,0.51,1.5643455918094476e6
1.01,0.6100000000000001,2.0261273773961386e6
1.01,0.7100000000000002,2.618529128421726e6
1.01,0.81,3.376886611177957e6
1.01,0.9100000000000001,4.34565790187166e6
1.01,1.01,5.580665264163043e6
1.01,1.11,7.15185996161307e6
1.01,1.2100000000000002,9.146725412055768e6
1.01,1.3100000000000003,1.167445827811961e7
1.01,1.4100000000000004,1.487109524910123e7
1.01,1.51,1.8905788281347565e7
1.01,1.61,2.3988471132718604e7
1.01,1.7100000000000002,3.037920846972475e7
1.01,1.8100000000000003,3.839957705271024e7
1.01,1.9100000000000004,4.844649582347507e7
1.11,-0.99,25617.420253881693
1.11,-0.89,34394.19379333856
1.11,-0.79,46056.311943345776
1.11,-0.69,61512.40655038376
1.11,-0.59,81944.68678406264
1.11,-0.49,108887.52416448604
1.11,-0.3899999999999999,144327.52134286216
1.11,-0.2899999999999999,190830.6378857029
1.11,-0.18999999999999995,251703.31473421544
1.11,-0.08999999999999997,331196.2240143871
1.11,0.010000000000000009,434761.3374482353
1.11,0.1100000000000001,569375.5452355522
1.11,0.2100000000000002,743947.1622455167
1.11,0.31000000000000005,969825.4341902015
1.11,0.41000000000000014,1.261437793454094e6
1.11,0.51,1.6370851877654465e6
1.11,0.6100000000000001,2.1199326622361103e6
1.11,0.7100000000000002,2.7392405284569557e6
1.11,0.81,3.531891549162444e6
1.11,0.9100000000000001,4.544281382676819e6
1.11,1.01,5.834654168371833e6
1.11,1.11,7.475982422500225e6
1.11,1.2100000000000002,9.559511202635936e6
1.11,1.3100000000000003,1.2199111479708698e7
1.11,1.4100000000000004,1.553661742252776e7
1.11,1.51,1.974835787653412e7
1.11,1.61,2.505313451255641e7
1.11,1.7100000000000002,3.1721949456137754e7
1.11,1.8100000000000003,4.008984478117087e7
1.11,1.9100000000000004,5.057028713947049e7
1.21,-0.99,26830.954754346894
1.21,-0.89,36015.999300305266
1.21,-0.79,48218.07818686919
1.21,-0.69,64386.47549253359
1.21,-0.59,85756.03847898333
1.21,-0.49,113929.13026318715
1.21,-0.3899999999999999,150979.96515210872
1.21,-0.2899999999999999,199587.12817139074
1.21,-0.18999999999999995,263201.50189828133
1.21,-0.08999999999999997,346258.5755342935
1.21,0.010000000000000009,454446.259017847
1.21,0.1100000000000001,595041.965659802
1.21,0.2100000000000002,777335.9433977625
1.21,0.31000000000000005,1.013161772476753e6
1.21,0.41000000000000014,1.3175597465170482e6
1.21,0.51,1.709604649281894e6
1.21,0.6100000000000001,2.213436549064701e6
1.21,0.7100000000000002,2.859541745987606e6
1.21,0.81,3.686341331676607e6
1.21,0.9100000000000001,4.742157339993409e6
1.21,1.01,6.087641351910571e6
1.21,1.11,7.798768593594034e6
1.21,1.2100000000000002,9.970521915836245e6
1.21,1.3100000000000003,1.2721416289942317e7
1.21,1.4100000000000004,1.6199044521015383e7
1.21,1.51,2.0586863161678564e7
1.21,1.61,2.6112479487523552e7
1.21,1.7100000000000002,3.3057754287918195e7
1.21,1.8100000000000003,4.177109576691349e7
1.21,1.9100000000000004,5.2682393597214565e7
1.31,-0.99,28044.46443771613
1.31,-0.89,37637.441636423326
1.31,-0.79,50378.92446236616
1.31,-0.69,67258.7470866634
1.31,-0.59,89564.2519865324
1.31,-0.49,118965.5957830152
1.31,-0.3899999999999999,157624.33208742653
1.31,-0.2899999999999999,208331.29918877175
1.31,-0.18999999999999995,274681.3158354147
1.31,-0.08999999999999997,361294.00594807806
1.31,0.010000000000000009,474092.3023404848
1.31,0.1100000000000001,620652.9176059293
1.31,0.2100000000000002,810646.4069686802
1.31,0.31000000000000005,1.0563885357186797e6
1.31,0.41000000000000014,1.3735296202075176e6
1.31,0.51,1.7819145598515002e6
1.31,0.6100000000000001,2.3066535915596737e6
1.31,0.7100000000000002,2.979452651534319e6
1.31,0.81,3.8402629534311276e6
1.31,0.9100000000000001,4.939322250738161e6
1.31,1.01,6.339675859814261e6
1.31,1.11,8.120284090857526e6
1.31,1.2100000000000002,1.0379845076366697e7
1.31,1.3100000000000003,1.3241488780350247e7
1.31,1.4100000000000004,1.685853005001494e7
1.31,1.51,2.1421506461081624e7
1.31,1.61,2.716677169260337e7
1.31,1.7100000000000002,3.4386970635295615e7
1.31,1.8100000000000003,4.344378325524533e7
1.31,1.9100000000000004,5.4783404183082245e7
1.4100000000000004,-0.99,29257.950379259
1.4100000000000004,-0.89,39258.536614364995
1.4100000000000004,-0.79,52538.8909944501
1.4100000000000004,-0.69,70129.30022943058
1.4100000000000004,-0.59,93369.46563581776
1.4100000000000004,-0.49,123997.14829464619
1.4100000000000004,-0.3899999999999999,164260.98115499434
1.4100000000000004,-0.2899999999999999,217063.70072249617
1.4100000000000004,-0.18999999999999995,286143.5796528709
1.4100000000000004,-0.08999999999999997,376303.72612866864
1.4100000000000004,0.010000000000000009,493701.222952569
1.4100000000000004,0.1100000000000001,646210.9160452136
1.4100000000000004,0.2100000000000002,843882.1180832336
1.4100000000000004,0.31000000000000005,1.099510729726636e6
1.4100000000000004,0.41000000000000014,1.4293543888160512e6
1.4100000000000004,0.51,1.854024567874224e6
1.4100000000000004,0.6100000000000001,2.399597034691978e6
1.4100000000000004,0.7100000000000002,3.098991335684092e6
1.4100000000000004,0.81,3.9936809712708634e6
1.4100000000000004,0.9100000000000001,5.135809298617025e6
1.4100000000000004,1.01,6.590802342649192e6
1.4100000000000004,1.11,8.44058867093268e6
1.4100000000000004,1.2100000000000002,1.0787560196309714e7
1.4100000000000004,1.3100000000000003,1.3759434585335271e7
1.4100000000000004,1.4100000000000004,1.751521365888647e7
1.4100000000000004,1.51,2.225247164014618e7
1.4100000000000004,1.61,2.8216252567386787e7
1.4100000000000004,1.7100000000000002,3.5709914158838384e7
1.4100000000000004,1.8100000000000003,4.5108318945052296e7
1.4100000000000004,1.9100000000000004,5.687385377823353e7
1.5100000000000005,-0.99,30471.41356508312
1.5100000000000005,-0.89,40879.29871773742
1.5100000000000005,-0.79,54698.01463452714
1.5100000000000005,-0.69,72998.20719251297
1.5100000000000005,-0.59,97171.80615317963
1.5100000000000005,-0.49,129023.99629651134
1.5100000000000005,-0.3899999999999999,170890.2412424328
1.5100000000000005,-0.2899999999999999,225784.83609088504
1.5100000000000005,-0.18999999999999995,297589.0470084975
1.5100000000000005,-0.08999999999999997,391288.84469910554
1.5100000000000005,0.010000000000000009,513274.6278517717
1.5100000000000005,0.1100000000000001,671718.2607541427
1.5100000000000005,0.2100000000000002,877046.3382360204
1.5100000000000005,0.31000000000000005,1.1425329299821171e6
1.5100000000000005,0.41000000000000014,1.4850404269803606e6
1.5100000000000005,0.51,1.9259434866950011e6
1.5100000000000005,0.6100000000000001,2.492278990552316e6
1.5100000000000005,0.7100000000000002,3.2181743401315897e6
1.5100000000000005,0.81,4.146617838210065e6
1.5100000000000005,0.9100000000000001,5.331648820810931e6
1.5100000000000005,1.01,6.841061523086959e6
1.5100000000000005,1.11,8.759736871034974e6
1.5100000000000005,1.2100000000000002,1.1193740016494801e7
1.5100000000000005,1.3100000000000003,1.427535014127906e7
1.5100000000000005,1.4100000000000004,1.8169222870900776e7
1.5100000000000005,1.51,2.3079926642675105e7
1.5100000000000005,1.61,2.9261142307952784e7
1.5100000000000005,1.7100000000000002,3.702687295839277e7
1.5100000000000005,1.8100000000000003,4.676507864376778e7
1.5100000000000005,1.9100000000000004,5.895423083278697e7
1.6100000000000003,-0.99,31684.854902208197
1.6100000000000003,-0.89,42499.741272420775
1.6100000000000003,-0.79,56856.32929038421
1.6100000000000003,-0.69,75865.53449822907
1.6100000000000003,-0.59,100971.39015901022
1.6100000000000003,-0.49,134046.3314067931
1.6100000000000003,-0.3899999999999999,177512.41456280102
1.6100000000000003,-0.2899999999999999,234495.168172406
1.6100000000000003,-0.18999999999999995,309018.4105638882
1.6100000000000003,-0.08999999999999997,406250.3799398778
1.6100000000000003,0.010000000000000009,532813.9921998446
1.6100000000000003,0.1100000000000001,697177.0668575235
1.6100000000000003,0.2100000000000002,910142.0580009844
1.6100000000000003,0.31000000000000005,1.1854593452104817e6
1.6100000000000003,0.41000000000000014,1.540593591184772e6
1.6100000000000003,0.51,1.9976794113652373e6
1.6100000000000003,0.6100000000000001,2.58471057316008e6
1.6100000000000003,0.7100000000000002,3.337016828317783e6
1.6100000000000003,0.81,4.299094160446176e6
1.6100000000000003,0.9100000000000001,5.526868632406243e6
1.6100000000000003,1.01,7.0904908210684545e6
1.6100000000000003,1.11,9.07777870406424e6
1.6100000000000003,1.2100000000000002,1.1598451171018414e7
1.6100000000000003,1.3100000000000003,1.4789323878525095e7
1.6100000000000003,1.4100000000000004,1.8820674447368942e7
1.6100000000000003,1.51,2.3904025313795008e7
1.6100000000000003,1.61,3.0301642941290904e7
1.6100000000000003,1.7100000000000002,3.833811125756162e7
1.6100000000000003,1.8100000000000003,4.841440613063774e7
1.6100000000000003,1.9100000000000004,6.102498254670025e7
1.7100000000000002,-0.99,32898.275228585466
1.7100000000000002,-0.89,44119.87659826157
1.7100000000000002,-0.79,59013.866241494856
1.7100000000000002,-0.69,78731.34352142537
1.7100000000000002,-0.59,104768.3250856656
1.7100000000000002,-0.49,139064.33044731506
1.7100000000000002,-0.3899999999999999,184127.77991028514
1.7100000000000002,-0.2899999999999999,243195.12348845167
1.7100000000000002,-0.18999999999999995,320432.3089257587
1.7100000000000002,-0.08999999999999997,421189.27102229703
1.7100000000000002,0.010000000000000009,552320.6774088532
1.7100000000000002,0.1100000000000001,722589.2803168365
1.7100000000000002,0.2100000000000002,943172.0398339597
1.7100000000000002,0.31000000000000005,1.2282938434479658e6
1.7100000000000002,0.41000000000000014,1.5960192721038042e6
1.7100000000000002,0.51,2.069239795210576e6
1.7100000000000002,0.6100000000000001,2.6769020175858242e6
1.7100000000000002,0.7100000000000002,3.455532766983543e6
1.7100000000000002,0.81,4.451128889540822e6
1.7100000000000002,0.9100000000000001,5.721494336196516e6
1.7100000000000002,1.01,7.33912464181865e6
1.7100000000000002,1.11,9.394760217696398e6
1.7100000000000002,1.2100000000000002,1.2001754953910537e7
1.7100000000000002,1.3100000000000003,1.5301437138939057e7
1.7100000000000002,1.4100000000000004,1.946967597627956e7
1.7100000000000002,1.51,2.4724909199041113e7
1.7100000000000002,1.61,3.133794013786057e7
1.7100000000000002,1.7100000000000002,3.964387165318265e7
1.7100000000000002,1.8100000000000003,5.0056618091552734e7
1.7100000000000002,1.9100000000000004,6.308651989771305e7
1.8100000000000003,-0.99,34111.675320435665
1.8100000000000003,-0.89,45739.7160872969
1.8100000000000003,-0.79,61170.65447628344
1.8100000000000003,-0.69,81595.69106567674
1.8100000000000003,-0.59,108562.71056577077
1.8100000000000003,-0.49,144078.15701943333
1.8100000000000003,-0.3899999999999999,190736.59519067346
1.8100000000000003,-0.2899999999999999,251885.0970002053
1.8100000000000003,-0.18999999999999995,331831.3326851115
1.8100000000000003,-0.08999999999999997,436106.38646388357
1.8100000000000003,0.010000000000000009,571795.9414990733
1.8100000000000003,0.1100000000000001,747956.7022661975
1.8100000000000003,0.2100000000000002,976138.8323873333
1.8100000000000003,0.31000000000000005,1.2710400046506024e6
1.8100000000000003,0.41000000000000014,1.6513224520727186e6
1.8100000000000003,0.51,2.1406315254863347e6
1.8100000000000003,0.6100000000000001,2.7688627800730974e6
1.8100000000000003,0.7100000000000002,3.573735069476015e6
1.8100000000000003,0.81,4.602739543108731e6
1.8100000000000003,0.9100000000000001,5.91554956201064e6
1.8100000000000003,1.01,7.586994728439366e6
1.8100000000000003,1.11,9.710723834584704e6
1.8100000000000003,1.2100000000000002,1.240370787336043e7
1.8100000000000003,1.3100000000000003,1.581176492343687e7
1.8100000000000003,1.4100000000000004,2.0116326474445645e7
1.8100000000000003,1.51,2.5542708735689033e7
1.8100000000000003,1.61,3.237020489036947e7
1.8100000000000003,1.7100000000000002,4.094437796027638e7
1.8100000000000003,1.8100000000000003,5.169200603730445e7
1.8100000000000003,1.9100000000000004,6.513922147355062e7
1.9100000000000001,-0.99,35325.05589808313
1.9100000000000001,-0.89,47359.27031637769
1.9100000000000001,-0.79,63326.72089674935
1.9100000000000001,-0.69,84458.629858375
1.9100000000000001,-0.59,112354.63889167632
1.9100000000000001,-0.49,149087.96279045395
1.9100000000000001,-0.3899999999999999,197339.0995922441
1.9100000000000001,-0.2899999999999999,260565.45461931048
1.9100000000000001,-0.18999999999999995,343216.0297404563
1.9100000000000001,-0.08999999999999997,451002.5305425076
1.9100000000000001,0.010000000000000009,591240.9509317174
1.9100000000000001,0.1100000000000001,773281.0017942679
1.9100000000000001,0.2100000000000002,1.0090448007543469e6
1.9100000000000001,0.31000000000000005,1.3137011469663787e6
1.9100000000000001,0.41000000000000014,1.706507750328995e6
1.9100000000000001,0.51,2.2118609776254394e6
1.9100000000000001,0.6100000000000001,2.860601612077234e6
1.9100000000000001,0.7100000000000002,3.691635684331126e6
1.9100000000000001,0.81,4.753942336526518e6
1.9100000000000001,0.9100000000000001,6.109056211885218e6
1.9100000000000001,1.01,7.834130492861379e6
1.9100000000000001,1.11,1.0025708945624772e7
1.9100000000000001,1.2100000000000002,1.2804362403714081e7
1.9100000000000001,1.3100000000000003,1.6320376715505999e7
1.9100000000000001,1.4100000000000004,2.0760717816328954e7
1.9100000000000001,1.51,2.635754470991943e7
1.9100000000000001,1.61,3.339859579975363e7
1.9100000000000001,1.7100000000000002,4.223983743050726e7
1.9100000000000001,1.8100000000000003,5.332083989186831e7
1.9100000000000001,1.9100000000000004,6.718343803562488e7
