-0.99,-0.99,1.4585184473297173e7
-0.99,-0.89,1.3543093780189654e7
-0.99,-0.79,1.2583761355872469e7
-0.99,-0.69,1.1700001541765282e7
-0.99,-0.59,1.0885302661204308e7
-0.99,-0.49,1.013375949981485e7
-0.99,-0.3899999999999999,9.440012798684673e6
-0.99,-0.2899999999999999,8.799195161267305e6
-0.99,-0.18999999999999995,8.206882673259274e6
-0.99,-0.08999999999999997,7.659051520888563e6
-0.99,0.010000000000000009,7.152039398696411e6
-0.99,0.1100000000000001,6.682510358568636e6
-0.99,0.2100000000000002,6.247423972733583e6
-0.99,0.31000000000000005,5.844006843412032e6
-0.99,0.41000000000000014,5.469727784482202e6
-0.99,0.51,5.12227494296344e6
-0.99,0.6100000000000001,4.799535359873902e6
-0.99,0.7100000000000002,4.4995766581288455e6
-0.99,0.81,4.220630431663509e6
-0.99,0.9100000000000001,3.9610773105106517e6
-0.99,1.01,3.719433419338235e6
-0.99,1.11,3.4943382242971985e6
-0.99,1.2100000000000002,3.284543467892801e6
-0.99,1.3100000000000003,3.0889032811386003e6
-0.99,1.4100000000000004,2.906365048236875e6
-0.99,1.51,2.735961272410385e6
-0.99,1.61,2.5768021898895674e6
-0.99,1.7100000000000002,2.4280690413522306e6
-0.99,1.8100000000000003,2.2890079233715213e6
-0.99,1.9100000000000004,2.1589242948781285e6
-0.89,-0.99,8.350866155135428e6
-0.89,-0.89,7.773482100190877e6
-0.89,-0.79,7.240639549719006e6
-0.89,-0.69,6.74857123650184e6
-0.89,-0.59,6.293854728515088e6
-0.89,-0.49,5.873378948662208e6
-0.89,-0.3899999999999999,5.484313532559012e6
-0.89,-0.2899999999999999,5.124081674678147e6
-0.89,-0.18999999999999995,4.790335879784131e6
-0.89,-0.08999999999999997,4.480935890097047e6
-0.89,0.010000000000000009,4.193929072725019e6
-0.89,0.1100000000000001,3.9275327962501575e6
-0.89,0.2100000000000002,3.680118502629834e6
-0.89,0.31000000000000005,3.45019732998022e6
-0.89,0.41000000000000014,3.2364073276454974e6
-0.89,0.51,3.0375017451575366e6
-0.89,0.6100000000000001,2.852338533165055e6
-0.89,0.7100000000000002,2.679870995969859e6
-0.89,0.81,2.519139093399497e6
-0.89,0.9100000000000001,2.3692617678256123e6
-0.89,1.01,2.2294299598796745e6
-0.89,1.11,2.0989002738722744e6
-0.89,1.2100000000000002,1.9769891642481838e6
-0.89,1.3100000000000003,1.8630678594500453e6
-0.89,1.4100000000000004,1.756557526605444e6
-0.89,1.51,1.6569250449735173e6
-0.89,1.61,1.5636791181655969e6
-0.89,1.7100000000000002,1.4763666990929153e6
-0.89,1.8100000000000003,1.3945698108315514e6
-0.89,1.9100000000000004,1.3179025972130212e6
-0.79,-0.99,7.184731092658415e6
-0.79,-0.89,6.692457025948905e6
-0.79,-0.79,6.237856212595829e6
-0.79,-0.69,5.817765166463489e6
-0.79,-0.59,5.42930817661363e6
-0.79,-0.49,5.06986935417916e6
-0.79,-0.3899999999999999,4.737067295377558e6
-0.79,-0.2899999999999999,4.428732557485849e6
-0.79,-0.18999999999999995,4.142887467774157e6
-0.79,-0.08999999999999997,3.8777277245549047e6
-0.79,0.010000000000000009,3.631606280634756e6
-0.79,0.1100000000000001,3.40301848249353e6
-0.79,0.2100000000000002,3.19058879587883e6
-0.79,0.31000000000000005,2.99305903623544e6
-0.79,0.41000000000000014,2.8092774357953e6
-0.79,0.51,2.638189078778001e6
-0.79,0.6100000000000001,2.4788270773520414e6
-0.79,0.7100000000000002,2.3303046331332466e6
-0.79,0.81,2.191807985610033e6
-0.79,0.9100000000000001,2.0625898547536368e6
-0.79,1.01,1.9419636085602946e6
-0.79,1.11,1.829297964600205e6
-0.79,1.2100000000000002,1.724012192089683e6
-0.79,1.3100000000000003,1.6255717135133904e6
-0.79,1.4100000000000004,1.5334841828500205e6
-0.79,1.51,1.4472958587517994e6
-0.79,1.61,1.366588364498069e6
-0.79,1.7100000000000002,1.2909756896794522e6
-0.79,1.8100000000000003,1.2201014962473928e6
-0.79,1.9100000000000004,1.153636671237888e6
-0.69,-0.99,6.562432168258467e6
-0.69,-0.89,6.115263950643024e6
-0.69,-0.79,5.7021513863656195e6
-0.69,-0.69,5.3202472319935495e6
-0.69,-0.59,4.966962299817527e6
-0.69,-0.49,4.6399402883186415e6
-0.69,-0.3899999999999999,4.337035391270056e6
-0.69,-0.2899999999999999,4.0562919502053196e6
-0.69,-0.18999999999999995,3.795926497885953e6
-0.69,-0.08999999999999997,3.554311298553693e6
-0.69,0.010000000000000009,3.3299599165704264e6
-0.69,0.1100000000000001,3.1215138863948355e6
-0.69,0.2100000000000002,2.9277308843327193e6
-0.69,0.31000000000000005,2.747474110582583e6
-0.69,0.41000000000000014,2.5797025550135635e6
-0.69,0.51,2.4234623827036186e6
-0.69,0.6100000000000001,2.277879057140704e6
-0.69,0.7100000000000002,2.1421501748517705e6
-0.69,0.81,2.0155391448236057e6
-0.69,0.9100000000000001,1.8973693329110001e6
-0.69,1.01,1.787018787554045e6
-0.69,1.11,1.6839154992080103e6
-0.69,1.2100000000000002,1.5875330735115402e6
-0.69,1.3100000000000003,1.4973867838941908e6
-0.69,1.4100000000000004,1.4130300488904722e6
-0.69,1.51,1.3340511791535623e6
-0.69,1.61,1.2600704098780097e6
-0.69,1.7100000000000002,1.1907372720438747e6
-0.69,1.8100000000000003,1.1257281091043134e6
-0.69,1.9100000000000004,1.0647438921919027e6
-0.59,-0.99,6.149198304482882e6
-0.59,-0.89,5.731849012121452e6
-0.59,-0.79,5.346173338332123e6
-0.59,-0.69,4.989531507722902e6
-0.59,-0.59,4.659522377137417e6
-0.59,-0.49,4.353960109823144e6
-0.59,-0.3899999999999999,4.0708535822801087e6
-0.59,-0.2899999999999999,3.8083875826575127e6
-0.59,-0.18999999999999995,3.5649062917647515e6
-0.59,-0.08999999999999997,3.3388980970109995e6
-0.59,0.010000000000000009,3.1289821128819417e6
-0.59,0.1100000000000001,2.9338960560054537e6
-0.59,0.2100000000000002,2.7524852955864943e6
-0.59,0.31000000000000005,2.5836929224806055e6
-0.59,0.41000000000000014,2.426550879674763e6
-0.59,0.51,2.280171893839088e6
-0.59,0.6100000000000001,2.1437422712187455e6
-0.59,0.7100000000000002,2.0165152403063998e6
-0.59,0.81,1.8978050810619323e6
-0.59,0.9100000000000001,1.7869817659485803e6
-0.59,1.01,1.6834660050612346e6
-0.59,1.11,1.5867249129272706e6
-0.59,1.2100000000000002,1.4962679524248699e6
-0.59,1.3100000000000003,1.4116433309137498e6
-0.59,1.4100000000000004,1.3324346779337258e6
-0.59,1.51,1.2582580879266814e6
-0.59,1.61,1.1887593296984842e6
-0.59,1.7100000000000002,1.1236114125061266e6
-0.59,1.8100000000000003,1.062512306598365e6
-0.59,1.9100000000000004,1.005182888485263e6
-0.49,-0.99,5.844773795555496e6
-0.49,-0.89,5.449318786402148e6
-0.49,-0.79,5.083793573002831e6
-0.49,-0.69,4.745709880721574e6
-0.49,-0.59,4.432803875894762e6
-0.49,-0.49,4.143014252106716e6
-0.49,-0.3899999999999999,3.8744628746044515e6
-0.49,-0.2899999999999999,3.625437260359384e6
-0.49,-0.18999999999999995,3.394374828599349e6
-0.49,-0.08999999999999997,3.1798488202564227e6
-0.49,0.010000000000000009,2.9805556646616636e6
-0.49,0.1100000000000001,2.795303412599539e6
-0.49,0.2100000000000002,2.6230015609800345e6
-0.49,0.31000000000000005,2.4626516902313665e6
-0.49,0.41000000000000014,2.313339137418636e6
-0.49,0.51,2.174225396763037e6
-0.49,0.6100000000000001,2.0445413092577923e6
-0.49,0.7100000000000002,1.923580879244083e6
-0.49,0.81,1.8106956852050573e6
-0.49,0.9100000000000001,1.7052898054657266e6
-0.49,1.01,1.6068152657471471e6
-0.49,1.11,1.5147678307243513e6
-0.49,1.2100000000000002,1.4286833013115777e6
-0.49,1.3100000000000003,1.3481340132393218e6
-0.49,1.4100000000000004,1.2727258041939258e6
-0.49,1.51,1.2020951177566743e6
-0.49,1.61,1.1359064820510112e6
-0.49,1.7100000000000002,1.0738501484013577e6
-0.49,1.8100000000000003,1.0156399610694816e6
-0.49,1.9100000000000004,961011.4212398443
-0.38999999999999996,-0.99,5.606314601835301e6
-0.38999999999999996,-0.89,5.227964037054237e6
-0.38999999999999996,-0.79,4.878184182399348e6
-0.38999999999999996,-0.69,4.554604551206894e6
-0.38999999999999996,-0.59,4.255068170732666e6
-0.38999999999999996,-0.49,3.977610566377852e6
-0.38999999999999996,-0.3899999999999999,3.720441589733337e6
-0.38999999999999996,-0.2899999999999999,3.4819286354089095e6
-0.38999999999999996,-0.18999999999999995,3.2605817537086005e6
-0.38999999999999996,-0.08999999999999997,3.0550403082256075e6
-0.38999999999999996,0.010000000000000009,2.8640608531964635e6
-0.38999999999999996,0.1100000000000001,2.6865062606136138e6
-0.38999999999999996,0.2100000000000002,2.5213359696183484e6
-0.38999999999999996,0.31000000000000005,2.367597154332524e6
-0.38999999999999996,0.41000000000000014,2.2244167731448826e6
-0.38999999999999996,0.51,2.0909943308017494e6
-0.38999999999999996,0.6100000000000001,1.966595386727952e6
-0.38999999999999996,0.7100000000000002,1.8505457395228806e6
-0.38999999999999996,0.81,1.742226040338194e6
-0.38999999999999996,0.9100000000000001,1.6410670210090366e6
-0.38999999999999996,1.01,1.546545104777737e6
-0.38999999999999996,1.11,1.458178449482109e6
-0.38999999999999996,1.2100000000000002,1.37552336083187e6
-0.38999999999999996,1.3100000000000003,1.2981710682390144e6
-0.38999999999999996,1.4100000000000004,1.2257446902753254e6
-0.38999999999999996,1.51,1.1578966163477236e6
-0.38999999999999996,1.61,1.0943060001697908e6
-0.38999999999999996,1.7100000000000002,1.0346765672940231e6
-0.38999999999999996,1.8100000000000003,978734.5607412307
-0.38999999999999996,1.9100000000000004,926226.9099638475
-0.2899999999999999,-0.99,5.411769836553548e6
-0.2899999999999999,-0.89,5.047342794698036e6
-0.2899999999999999,-0.79,4.7103822919992665e6
-0.2899999999999999,-0.69,4.398613461671518e6
-0.2899999999999999,-0.59,4.109965838284299e6
-0.2899999999999999,-0.49,3.8425536680278042e6
-0.2899999999999999,-0.3899999999999999,3.594658090719842e6
-0.2899999999999999,-0.2899999999999999,3.364711348564545e6
-0.2899999999999999,-0.18999999999999995,3.151282482294066e6
-0.2899999999999999,-0.08999999999999997,2.953064438064027e6
-0.2899999999999999,0.010000000000000009,2.768862641157927e6
-0.2899999999999999,0.1100000000000001,2.59758448199708e6
-0.2899999999999999,0.2100000000000002,2.4382299794573775e6
-0.2899999999999999,0.31000000000000005,2.289883331496769e6
-0.2899999999999999,0.41000000000000014,2.1517052868960877e6
-0.2899999999999999,0.51,2.0229262275572082e6
-0.2899999999999999,0.6100000000000001,1.9028399616187753e6
-0.2899999999999999,0.7100000000000002,1.7907981292789546e6
-0.2899999999999999,0.81,1.686205006396328e6
-0.2899999999999999,0.9100000000000001,1.588512985041421e6
-0.2899999999999999,1.01,1.49721833299521e6
-0.2899999999999999,1.11,1.411857414750152e6
-0.2899999999999999,1.2100000000000002,1.332003252655753e6
-0.2899999999999999,1.3100000000000003,1.2572623877610774e6
-0.2899999999999999,1.4100000000000004,1.1872720510754941e6
-0.2899999999999999,1.51,1.1216975742595918e6
-0.2899999999999999,1.61,1.0602300249955214e6
-0.2899999999999999,1.7100000000000002,1.0025841006490139e6
-0.2899999999999999,1.8100000000000003,948496.1368683657
-0.2899999999999999,1.9100000000000004,897722.3715766585
-0.18999999999999995,-0.99,5.248381376690094e6
-0.18999999999999995,-0.89,4.895625726201875e6
-0.18999999999999995,-0.79,4.569412589932124e6
-0.18999999999999995,-0.69,4.267547008483761e6
-0.18999999999999995,-0.59,3.9880308908943315e6
-0.18999999999999995,-0.49,3.729044168966048e6
-0.18999999999999995,-0.3899999999999999,3.488927589516723e6
-0.18999999999999995,-0.2899999999999999,3.2661676564122187e6
-0.18999999999999995,-0.18999999999999995,3.0593826556764217e6
-0.18999999999999995,-0.08999999999999997,2.8673104507855605e6
-0.18999999999999995,0.010000000000000009,2.6887972884191833e6
-0.18999999999999995,0.1100000000000001,2.522787761465109e6
-0.18999999999999995,0.2100000000000002,2.368315876808654e6
-0.18999999999999995,0.31000000000000005,2.2244967865398517e6
-0.18999999999999995,0.41000000000000014,2.0905195341117547e6
-0.18999999999999995,0.51,1.965640363189991e6
-0.18999999999999995,0.6100000000000001,1.8491767086680527e6
-0.18999999999999995,0.7100000000000002,1.7405018148695335e6
-0.18999999999999995,0.81,1.6390397760972716e6
-0.18999999999999995,0.9100000000000001,1.5442611090900083e6
-0.18999999999999995,1.01,1.4556787065159585e6
-0.18999999999999995,1.11,1.3728441791657936e6
-0.18999999999999995,1.2100000000000002,1.2953445433341607e6
-0.18999999999999995,1.3100000000000003,1.222799185504092e6
-0.18999999999999995,1.4100000000000004,1.1548571485352067e6
-0.18999999999999995,1.51,1.0911946156681185e6
-0.18999999999999995,1.61,1.0315126392669405e6
-0.18999999999999995,1.7100000000000002,975535.1094533757
-0.18999999999999995,1.8100000000000003,923006.8354136728
-0.18999999999999995,1.9100000000000004,873691.8458462424
-0.08999999999999994,-0.99,5.108143873686903e6
-0.08999999999999994,-0.89,4.7653890638134945e6
-0.08999999999999994,-0.79,4.448386252994167e6
-0.08999999999999994,-0.69,4.155008670713185e6
-0.08999999999999994,-0.59,3.883320072011177e6
-0.08999999999999994,-0.49,3.631556512730071e6
-0.08999999999999994,-0.3899999999999999,3.3981097629310773e6
-0.08999999999999994,-0.2899999999999999,3.1815126327227526e6
-0.08999999999999994,-0.18999999999999995,2.9804255852413303e6
-0.08999999999999994,-0.08999999999999997,2.793624817813862e6
-0.08999999999999994,0.010000000000000009,2.619991505753978e6
-0.08999999999999994,0.1100000000000001,2.458502115698113e6
-0.08999999999999994,0.2100000000000002,2.3082196635338617e6
-0.08999999999999994,0.31000000000000005,2.168285828800931e6
-0.08999999999999994,0.41000000000000014,2.0379138289292902e6
-0.08999999999999994,0.51,1.9163820357194457e6
-0.08999999999999994,0.6100000000000001,1.80302813067974e6
-0.08999999999999994,0.7100000000000002,1.6972438439844858e6
-0.08999999999999994,0.81,1.5984702208995987e6
-0.08999999999999994,0.9100000000000001,1.5061933067400148e6
-0.08999999999999994,1.01,1.4199402055643948e6
-0.08999999999999994,1.11,1.339275609253423e6
-0.08999999999999994,1.2100000000000002,1.2637985040607706e6
-0.08999999999999994,1.3100000000000003,1.1931392881272486e6
-0.08999999999999994,1.4100000000000004,1.1269571140426444e6
-0.08999999999999994,1.51,1.0649374573404624e6
-0.08999999999999994,1.61,1.0067899435531305e6
-0.08999999999999994,1.7100000000000002,952246.3246137694
-0.08999999999999994,1.8100000000000003,901058.6689448917
-0.08999999999999994,1.9100000000000004,852997.6838595305
0.010000000000000064,-0.99,4.985724611369775e6
0.010000000000000064,-0.89,4.651686981157562e6
0.010000000000000064,-0.79,4.342713189402253e6
0.010000000000000064,-0.69,4.0567357552600014e6
0.010000000000000064,-0.59,3.791872263215815e6
0.010000000000000064,-0.49,3.546407553591802e6
0.010000000000000064,-0.3899999999999999,3.3187777797276652e6
0.010000000000000064,-0.2899999999999999,3.1075560144117796e6
0.010000000000000064,-0.18999999999999995,2.9114394061671137e6
0.010000000000000064,-0.08999999999999997,2.7292375055011623e6
0.010000000000000064,0.010000000000000009,2.559861917694013e6
0.010000000000000064,0.1100000000000001,2.4023167854019282e6
0.010000000000000064,0.2100000000000002,2.255690414017159e6
0.010000000000000064,0.31000000000000005,2.1191475449933256e6
0.010000000000000064,0.41000000000000014,1.9919224731801595e6
0.010000000000000064,0.51,1.8733128272476948e6
0.010000000000000064,0.6100000000000001,1.762673871305451e6
0.010000000000000064,0.7100000000000002,1.6594134806480967e6
0.010000000000000064,0.81,1.562987448251429e6
0.010000000000000064,0.9100000000000001,1.4728953267277938e6
0.010000000000000064,1.01,1.3886766422811362e6
0.010000000000000064,1.11,1.3099074405450942e6
0.010000000000000064,1.2100000000000002,1.2361971465481392e6
0.010000000000000064,1.3100000000000003,1.1671857555640007e6
0.010000000000000064,1.4100000000000004,1.1025412261988635e6
0.010000000000000064,1.51,1.0419571447867629e6
0.010000000000000064,1.61,985150.5893522846
0.010000000000000064,1.7100000000000002,931860.1756838339
0.010000000000000064,1.8100000000000003,881844.2890394233
0.010000000000000064,1.9100000000000004,834879.4742653848
0.1100000000000001,-0.99,4.877404015907184e6
0.1100000000000001,-0.89,4.551069264359024e6
0.1100000000000001,-0.79,4.249191014716511e6
0.1100000000000001,-0.69,3.9697540305430247e6
0.1100000000000001,-0.59,3.7109233380963113e6
0.1100000000000001,-0.49,3.4710268410625276e6
0.1100000000000001,-0.3899999999999999,3.2485397748752777e6
0.1100000000000001,-0.2899999999999999,3.04207079271344e6
0.1100000000000001,-0.18999999999999995,2.8503493673144174e6
0.1100000000000001,-0.08999999999999997,2.672214468383301e6
0.1100000000000001,0.010000000000000009,2.506604542578014e6
0.1100000000000001,0.1100000000000001,2.352548188861725e6
0.1100000000000001,0.2100000000000002,2.209155993669966e6
0.1100000000000001,0.31000000000000005,2.0756130643152907e6
0.1100000000000001,0.41000000000000014,1.9511722870001886e6
0.1100000000000001,0.51,1.8351482909097988e6
0.1100000000000001,0.6100000000000001,1.72691187458404e6
0.1100000000000001,0.7100000000000002,1.625885156344021e6
0.1100000000000001,0.81,1.531536939310227e6
0.1100000000000001,0.9100000000000001,1.4433787314805568e6
0.1100000000000001,1.01,1.3609610047777195e6
0.1100000000000001,1.11,1.2838698343710403e6
0.1100000000000001,1.2100000000000002,1.211723874398725e6
0.1100000000000001,1.3100000000000003,1.14417159215685e6
0.1100000000000001,1.4100000000000004,1.080888727674119e6
0.1100000000000001,1.51,1.0215760285398931e6
0.1100000000000001,1.61,965957.1574524838
0.1100000000000001,1.7100000000000002,913776.7968593932
0.1100000000000001,1.8100000000000003,864798.9258639636
0.1100000000000001,1.9100000000000004,818805.2366289869
0.2100000000000002,-0.99,4.780491110931491e6
0.2100000000000002,-0.89,4.461039594328619e6
0.2100000000000002,-0.79,4.165502423213867e6
0.2100000000000002,-0.69,3.8919110300441594e6
0.2100000000000002,-0.59,3.638472702779252e6
0.2100000000000002,-0.49,3.403553744197924e6
0.2100000000000002,-0.3899999999999999,3.1856642858822187e6
0.2100000000000002,-0.2899999999999999,2.983444660835525e6
0.2100000000000002,-0.18999999999999995,2.7956532236787584e6
0.2100000000000002,-0.08999999999999997,2.621155223194676e6
0.2100000000000002,0.010000000000000009,2.458912993664965e6
0.2100000000000002,0.1100000000000001,2.3079769797324743e6
0.2100000000000002,0.2100000000000002,2.167477665172207e6
0.2100000000000002,0.31000000000000005,2.0366183211519388e6
0.2100000000000002,0.41000000000000014,1.9146684384294366e6
0.2100000000000002,0.51,1.800957804009226e6
0.2100000000000002,0.6100000000000001,1.69487112980441e6
0.2100000000000002,0.7100000000000002,1.5958431945142183e6
0.2100000000000002,0.81,1.5033544644616288e6
0.2100000000000002,0.9100000000000001,1.4169270914969177e6
0.2100000000000002,1.01,1.336121331818778e6
0.2100000000000002,1.11,1.2605322228205581e6
0.2100000000000002,1.2100000000000002,1.18978667133789e6
0.2100000000000002,1.3100000000000003,1.1235406917458996e6
0.2100000000000002,1.4100000000000004,1.0614769851442603e6
0.2100000000000002,1.51,1.0033027003678976e6
0.2100000000000002,1.61,948747.3824586866
0.2100000000000002,1.7100000000000002,897561.1331964143
0.2100000000000002,1.8100000000000003,849512.9239498454
0.2100000000000002,1.9100000000000004,804389.0509604653
0.31000000000000016,-0.99,4.692980300026266e6
0.31000000000000016,-0.89,4.379737259241626e6
0.31000000000000016,-0.79,4.089920041744233e6
0.31000000000000016,-0.69,3.8216020789188626e6
0.31000000000000016,-0.59,3.5730287447288823e6
0.31000000000000016,-0.49,3.342600893798809e6
0.31000000000000016,-0.3899999999999999,3.128860066661484e6
0.31000000000000016,-0.2899999999999999,2.9304751819272554e6
0.31000000000000016,-0.18999999999999995,2.746230545078771e6
0.31000000000000016,-0.08999999999999997,2.575015101295045e6
0.31000000000000016,0.010000000000000009,2.415812711585585e6
0.31000000000000016,0.1100000000000001,2.2676934570123623e6
0.31000000000000016,0.2100000000000002,2.1298057887052083e6
0.31000000000000016,0.31000000000000005,2.0013693359915852e6
0.31000000000000016,0.41000000000000014,1.8816685452367584e6
0.31000000000000016,0.51,1.770046878306587e6
0.31000000000000016,0.6100000000000001,1.6659015427828464e6
0.31000000000000016,0.7100000000000002,1.5686787756360231e6
0.31000000000000016,0.81,1.4778695248200833e6
0.31000000000000016,0.9100000000000001,1.3930055650193703e6
0.31000000000000016,1.01,1.3136559345913804e6
0.31000000000000016,1.11,1.2394237967349412e6
0.31000000000000016,1.2100000000000002,1.1699434533368307e6
0.31000000000000016,1.3100000000000003,1.1048777528136482e6
0.31000000000000016,1.4100000000000004,1.0439156737671637e6
0.31000000000000016,1.51,986770.1209466227
0.31000000000000016,1.61,933175.9560573634
0.31000000000000016,1.7100000000000002,882888.1661729813
0.31000000000000016,1.8100000000000003,835680.2304642943
0.31000000000000016,1.9100000000000004,791342.5960549287
0.4100000000000002,-0.99,4.613339422020888e6
0.4100000000000002,-0.89,4.305740649249463e6
0.4100000000000002,-0.79,4.0211240073501104e6
0.4100000000000002,-0.69,3.757601020473817e6
0.4100000000000002,-0.59,3.513451575547386e6
0.4100000000000002,-0.49,3.2871079793779454e6
0.4100000000000002,-0.3899999999999999,3.0771402471211064e6
0.4100000000000002,-0.2899999999999999,2.882243239193104e6
0.4100000000000002,-0.18999999999999995,2.701224835574013e6
0.4100000000000002,-0.08999999999999997,2.5329954401582377e6
0.4100000000000002,0.010000000000000009,2.376558531243019e6
0.4100000000000002,0.1100000000000001,2.231002036688432e6
0.4100000000000002,0.2100000000000002,2.095490661156168e6
0.4100000000000002,0.31000000000000005,1.9692589211476902e6
0.4100000000000002,0.41000000000000014,1.8516048284436343e6
0.4100000000000002,0.51,1.7418842726479878e6
0.4100000000000002,0.6100000000000001,1.6395058334529032e6
0.4100000000000002,0.7100000000000002,1.543926139197571e6
0.4100000000000002,0.81,1.4546456668245448e6
0.4100000000000002,0.9100000000000001,1.3712049123941362e6
0.4100000000000002,1.01,1.2931809443031703e6
0.4100000000000002,1.11,1.2201842545474167e6
0.4100000000000002,1.2100000000000002,1.1518559039908813e6
0.4100000000000002,1.3100000000000003,1.0878649454977983e6
0.4100000000000002,1.4100000000000004,1.0279060388423741e6
0.4100000000000002,1.51,971697.3478536576
0.4100000000000002,1.61,918978.5556805742
0.4100000000000002,1.7100000000000002,869509.0950434528
0.4100000000000002,1.8100000000000003,823066.5353254357
0.4100000000000002,1.9100000000000004,779445.1071273128
0.5100000000000002,-0.99,4.5403733467832e6
0.5100000000000002,-0.89,4.237940776080189e6
0.5100000000000002,-0.79,3.9580845865404713e6
0.5100000000000002,-0.69,3.698951092826521e6
0.5100000000000002,-0.59,3.4588517722202362e6
0.5100000000000002,-0.49,3.23624759224847e6
0.5100000000000002,-0.3899999999999999,3.02973463978832e6
0.5100000000000002,-0.2899999999999999,2.8380314557005395e6
0.5100000000000002,-0.18999999999999995,2.6599675102351364e6
0.5100000000000002,-0.08999999999999997,2.494472849769049e6
0.5100000000000002,0.010000000000000009,2.3405688166715237e6
0.5100000000000002,0.1100000000000001,2.1973596750101587e6
0.5100000000000002,0.2100000000000002,2.0640250137507694e6
0.5100000000000002,0.31000000000000005,1.9398129448828066e6
0.5100000000000002,0.41000000000000014,1.8240339082152545e6
0.5100000000000002,0.51,1.7160551505423924e6
0.5100000000000002,0.6100000000000001,1.6152956426531475e6
0.5100000000000002,0.7100000000000002,1.521221521767136e6
0.5100000000000002,0.81,1.433341971343614e6
0.5100000000000002,0.9100000000000001,1.3512054963662599e6
0.5100000000000002,1.01,1.2743964804991488e6
0.5100000000000002,1.11,1.2025321471424596e6
0.5100000000000002,1.2100000000000002,1.1352597131042378e6
0.5100000000000002,1.3100000000000003,1.0722539202500388e6
0.5100000000000002,1.4100000000000004,1.0132146424270028e6
0.5100000000000002,1.51,957864.8400762862
0.5100000000000002,1.61,905948.6122272736
0.5100000000000002,1.7100000000000002,857229.4622780945
0.5100000000000002,1.8100000000000003,811488.7069599857
0.5100000000000002,1.9100000000000004,768524.0247436287
0.6100000000000001,-0.99,4.473133022625962e6
0.6100000000000001,-0.89,4.175456984152121e6
0.6100000000000001,-0.79,3.899984031442677e6
0.6100000000000001,-0.69,3.6448924702968993e6
0.6100000000000001,-0.59,3.4085228419870315e6
0.6100000000000001,-0.49,3.1893624666417195e6
0.6100000000000001,-0.3899999999999999,2.9860313845291347e6
0.6100000000000001,-0.2899999999999999,2.7972699523087493e6
0.6100000000000001,-0.18999999999999995,2.621927435277948e6
0.6100000000000001,-0.08999999999999997,2.4589519628092535e6
0.6100000000000001,0.010000000000000009,2.307381343045692e6
0.6100000000000001,0.1100000000000001,2.1663348234186675e6
0.6100000000000001,0.2100000000000002,2.0350057046508153e6
0.6100000000000001,0.31000000000000005,1.9126546016156895e6
0.6100000000000001,0.41000000000000014,1.7986033870731534e6
0.6100000000000001,0.51,1.69222975581717e6
0.6100000000000001,0.6100000000000001,1.5929622279725485e6
0.6100000000000001,0.7100000000000002,1.5002757120955512e6
0.6100000000000001,0.81,1.4136874055558364e6
0.6100000000000001,0.9100000000000001,1.3327531590499664e6
0.6100000000000001,1.01,1.2570640960650984e6
0.6100000000000001,1.11,1.1862436243065032e6
0.6100000000000001,1.2100000000000002,1.119944669190737e6
0.6100000000000001,1.3100000000000003,1.0578471688532496e6
0.6100000000000001,1.4100000000000004,999655.813738418
0.6100000000000001,1.51,945097.9741679365
0.6100000000000001,1.61,893921.8129137041
0.6100000000000001,1.7100000000000002,845894.5788637948
0.6100000000000001,1.8100000000000003,800801.0462735958
0.6100000000000001,1.9100000000000004,758442.0736549406
0.7100000000000001,-0.99,4.410853166601999e6
0.7100000000000001,-0.89,4.1175790304407906e6
0.7100000000000001,-0.79,3.8461627740359353e6
0.7100000000000001,-0.69,3.5948122838610997e6
0.7100000000000001,-0.59,3.3618949301388343e6
0.7100000000000001,-0.49,3.1459224095573914e6
0.7100000000000001,-0.3899999999999999,2.945536897281525e6
0.7100000000000001,-0.2899999999999999,2.7594989041936425e6
0.7100000000000001,-0.18999999999999995,2.586676041290604e6
0.7100000000000001,-0.08999999999999997,2.4260330936373617e6
0.7100000000000001,0.010000000000000009,2.27662310881516e6
0.7100000000000001,0.1100000000000001,2.1375792235318143e6
0.7100000000000001,0.2100000000000002,2.0081073769151384e6
0.7100000000000001,0.31000000000000005,1.8874797617981571e6
0.7100000000000001,0.41000000000000014,1.7750288215660134e6
0.7100000000000001,0.51,1.6701419112007546e6
0.7100000000000001,0.6100000000000001,1.5722563920532155e6
0.7100000000000001,0.7100000000000002,1.4808552571688688e6
0.7100000000000001,0.81,1.3954631426591498e6
0.7100000000000001,0.9100000000000001,1.3156426826191617e6
0.7100000000000001,1.01,1.2409912493673381e6
0.7100000000000001,1.11,1.171137977346705e6
0.7100000000000001,1.2100000000000002,1.1057410319943868e6
0.7100000000000001,1.3100000000000003,1.0444851958856618e6
0.7100000000000001,1.4100000000000004,987079.6005932593
0.7100000000000001,1.51,933255.7054349073
0.7100000000000001,1.61,882765.4294867537
0.7100000000000001,1.7100000000000002,835379.4995608618
0.7100000000000001,1.8100000000000003,790885.8650658756
0.7100000000000001,1.9100000000000004,749088.3488545301
0.81,-0.99,4.352908252089411e6
0.81,-0.89,4.063726350534896e6
0.81,-0.79,3.7960816529859207e6
0.81,-0.69,3.548209460937547e6
0.81,-0.59,3.3185021182860825e6
0.81,-0.49,3.1054938846582156e6
0.81,-0.3899999999999999,2.907847566990382e6
0.81,-0.2899999999999999,2.7243423275661087e6
0.81,-0.18999999999999995,2.5538628216521037e6
0.81,-0.08999999999999997,2.3953893410224025e6
0.81,0.010000000000000009,2.2479890644115596e6
0.81,0.1100000000000001,2.110808020187945e6
0.81,0.2100000000000002,1.9830638978526164e6
0.81,0.31000000000000005,1.864039644604514e6
0.81,0.41000000000000014,1.7530775134882652e6
0.81,0.51,1.6495738325612943e6
0.81,0.6100000000000001,1.5529741996374629e6
0.81,0.7100000000000002,1.4627691249145272e6
0.81,0.81,1.3784901213082834e6
0.81,0.9100000000000001,1.2997061557429659e6
0.81,1.01,1.2260203883156853e6
0.81,1.11,1.1570672692967383e6
0.81,1.2100000000000002,1.0925098717555243e6
0.81,1.3100000000000003,1.0320374470309217e6
0.81,1.4100000000000004,975363.2662143732
0.81,1.51,922222.579530395
0.81,1.61,872370.818002243
0.81,1.7100000000000002,825581.9176465762
0.81,1.8100000000000003,781646.8086784742
0.81,1.9100000000000004,740372.0364385422
0.9100000000000001,-0.99,4.298780872684597e6
0.9100000000000001,-0.89,4.0134187036986602e6
0.9100000000000001,-0.79,3.7492946199902454e6
0.9100000000000001,-0.69,3.5046695086667156e6
0.9100000000000001,-0.59,3.277958927327946e6
0.9100000000000001,-0.49,3.0677182518837033e6
0.9100000000000001,-0.3899999999999999,2.8726294498966215e6
0.9100000000000001,-0.2899999999999999,2.6914891027804622e6
0.9100000000000001,-0.18999999999999995,2.523197764888966e6
0.9100000000000001,-0.08999999999999997,2.3667502049948373e6
0.9100000000000001,0.010000000000000009,2.2212267435128237e6
0.9100000000000001,0.1100000000000001,2.0857854384343403e6
0.9100000000000001,0.2100000000000002,1.9596549768583558e6
0.9100000000000001,0.31000000000000005,1.842128290106848e6
0.9100000000000001,0.41000000000000014,1.7325568201866664e6
0.9100000000000001,0.51,1.6303452597390155e6
0.9100000000000001,0.6100000000000001,1.5349468613171605e6
0.9100000000000001,0.7100000000000002,1.4458591538937765e6
0.9100000000000001,0.81,1.362620099194617e6
0.9100000000000001,0.9100000000000001,1.284804526475717e6
0.9100000000000001,1.01,1.212021035338622e6
0.9100000000000001,1.11,1.1439090295851063e6
0.9100000000000001,1.2100000000000002,1.0801361285216599e6
0.9100000000000001,1.3100000000000003,1.0203957978103434e6
0.9100000000000001,1.4100000000000004,964405.1487951007
0.9100000000000001,1.51,911902.9806689578
0.9100000000000001,1.61,862647.9871308967
0.9100000000000001,1.7100000000000002,816417.1101941848
0.9100000000000001,1.8100000000000003,773004.0558594775
0.9100000000000001,1.9100000000000004,732217.9238949654
1.01,-0.99,4.248038485170541e6
1.01,-0.89,3.9662546343923095e6
1.01,-0.79,3.7054288068349e6
1.01,-0.69,3.4638458664366747e6
1.01,-0.59,3.2399430805673636e6
1.01,-0.49,3.0322955596562377e6
1.01,-0.3899999999999999,2.8396032418877976e6
1.01,-0.2899999999999999,2.660679019926752e6
1.01,-0.18999999999999995,2.494438308668167e6
1.01,-0.08999999999999997,2.3398893931335253e6
1.01,0.010000000000000009,2.196124957505902e6
1.01,0.1100000000000001,2.062314283085067e6
1.01,0.2100000000000002,1.937696352111585e6
1.01,0.31000000000000005,1.8215734521383517e6
1.01,0.41000000000000014,1.7133056118184112e6
1.01,0.51,1.6123053588115233e6
1.01,0.6100000000000001,1.5180331360633918e6
1.01,0.7100000000000002,1.4299930230153746e6
1.01,0.81,1.3477290097464332e6
1.01,0.9100000000000001,1.270821456397804e6
1.01,1.01,1.198884009930262e6
1.01,1.11,1.1315607378111393e6
1.01,1.2100000000000002,1.0685235264790657e6
1.01,1.3100000000000003,1.0094697653386921e6
1.01,1.4100000000000004,954120.1690131627
1.01,1.51,902216.8614134423
1.01,1.61,853521.6003398937
1.01,1.7100000000000002,807814.1432412312
1.01,1.8100000000000003,764890.7884450413
1.01,1.9100000000000004,724563.0326780599
1.11,-0.99,4.200316144608891e6
1.11,-0.89,3.9218953356863377e6
1.11,-0.79,3.664169529428625e6
1.11,-0.69,3.4254460195892574e6
1.11,-0.59,3.2041825210869317e6
1.11,-0.49,2.998972670338521e6
1.11,-0.3899999999999999,2.808533240322446e6
1.11,-0.2899999999999999,2.6316924830850386e6
1.11,-0.18999999999999995,2.4673797066386538e6
1.11,-0.08999999999999997,2.3146159417828214e6
1.11,0.010000000000000009,2.172505440992905e6
1.11,0.1100000000000001,2.0402280601775155e6
1.11,0.2100000000000002,1.9170324237794522e6
1.11,0.31000000000000005,1.8022296479260465e6
1.11,0.41000000000000014,1.6951877986946753e6
1.11,0.51,1.5953267643744994e6
1.11,0.6100000000000001,1.5021137312727822e6
1.11,0.7100000000000002,1.415058956426632e6
1.11,0.81,1.3337120827434638e6
1.11,0.9100000000000001,1.2576586656708007e6
1.11,1.01,1.1865170971343077e6
1.11,1.11,1.1199358099594947e6
1.11,1.2100000000000002,1.0575907164885276e6
1.11,1.3100000000000003,999182.8855734951
1.11,1.4100000000000004,944436.4316735629
1.11,1.51,893096.5996162179
1.11,1.61,844928.0134884187
1.11,1.7100000000000002,799713.08169039
1.11,1.8100000000000003,757250.5415836106
1.11,1.9100000000000004,717354.1386190492
1.21,-0.99,4.1553032162586153e6
1.21,-0.89,3.8800524715848183e6
1.21,-0.79,3.625248911338584e6
1.21,-0.69,3.389221019300716e6
1.21,-0.59,3.170445708915888e6
1.21,-0.49,2.9675340951510263e6
1.21,-0.3899999999999999,2.7792187799569564e6
1.21,-0.2899999999999999,2.6043424546759534e6
1.21,-0.18999999999999995,2.4418475839380096e6
1.21,-0.08999999999999997,2.2907671696093082e6
1.21,0.010000000000000009,2.1502163590337373e6
1.21,0.1100000000000001,2.0193849798468647e6
1.21,0.2100000000000002,1.8975307226042554e6
1.21,0.31000000000000005,1.7839730067162109e6
1.21,0.41000000000000014,1.6780874902610164e6
1.21,0.51,1.5793010019273176e6
1.21,0.6100000000000001,1.4870870595374438e6
1.21,0.7100000000000002,1.400961768034963e6
1.21,0.81,1.3204800760605377e6
1.21,0.9100000000000001,1.2452324347037622e6
1.21,1.01,1.1748417179639519e6
1.21,1.11,1.1089604783753147e6
1.21,1.2100000000000002,1.0472683999419913e6
1.21,1.3100000000000003,989470.043404329
1.21,1.4100000000000004,935292.7028856677
1.21,1.51,884484.5743912379
1.21,1.61,836812.9880420406
1.21,1.7100000000000002,792062.849094981
1.21,1.8100000000000003,750035.1977337733
1.21,1.9100000000000004,710545.8997556907
1.31,-0.99,4.1127333242000663e6
1.31,-0.89,3.8404787143239263e6
1.31,-0.79,3.588437215616971e6
1.31,-0.69,3.354957316540386e6
1.31,-0.59,3.1385340199054372e6
1.31,-0.49,2.937794946423857e6
1.31,-0.3899999999999999,2.7514876826426955e6
1.31,-0.2899999999999999,2.578468544191465e6
1.31,-0.18999999999999995,2.4176924045824027e6
1.31,-0.08999999999999997,2.2682035658093295e6
1.31,0.010000000000000009,2.1291274839713788e6
1.31,0.1100000000000001,1.9996633866559968e6
1.31,0.2100000000000002,1.8790775384438855e6
1.31,0.31000000000000005,1.766697217501206e6
1.31,0.41000000000000014,1.6619052252005269e6
1.31,0.51,1.5641349574388294e6
1.31,0.6100000000000001,1.4728659367105898e6
1.31,0.7100000000000002,1.387619749869544e6
1.31,0.81,1.3079563900719632e6
1.31,0.9100000000000001,1.233470912218609e6
1.31,1.01,1.1637904369857674e6
1.31,1.11,1.0985714092761988e6
1.31,1.2100000000000002,1.0374970940043574e6
1.31,1.3100000000000003,980275.310034931
1.31,1.4100000000000004,926636.3916700585
1.31,1.51,876331.3151192121
1.31,1.61,829129.9606834451
1.31,1.7100000000000002,784819.6021384828
1.31,1.8100000000000003,743203.4452218222
1.31,1.9100000000000004,704099.3704764923
1.4100000000000004,-0.99,4.0723763980674245e6
1.4100000000000004,-0.89,3.8029605062427684e6
1.4100000000000004,-0.79,3.5535360390357436e6
1.4100000000000004,-0.69,3.3224704536617207e6
1.4100000000000004,-0.59,3.108275874454153e6
1.4100000000000004,-0.49,2.909595539060606e6
1.4100000000000004,-0.3899999999999999,2.725191228610022e6
1.4100000000000004,-0.2899999999999999,2.5539321609772914e6
1.4100000000000004,-0.18999999999999995,2.394784935075532e6
1.4100000000000004,-0.08999999999999997,2.2468045626021763e6
1.4100000000000004,0.010000000000000009,2.10912626494745e6
1.4100000000000004,0.1100000000000001,1.9809581644974898e6
1.4100000000000004,0.2100000000000002,1.8615746410432851e6
1.4100000000000004,0.31000000000000005,1.7503104193292863e6
1.4100000000000004,0.41000000000000014,1.6465550632661697e6
1.4100000000000004,0.51,1.5497481921598243e6
1.4100000000000004,0.6100000000000001,1.4593750006704987e6
1.4100000000000004,0.7100000000000002,1.3749622854316002e6
1.4100000000000004,0.81,1.2960748054004381e6
1.4100000000000004,0.9100000000000001,1.2223119853595064e6
1.4100000000000004,1.01,1.153304975070973e6
1.4100000000000004,1.11,1.0887138771903361e6
1.4100000000000004,1.2100000000000002,1.0282253557817851e6
1.4100000000000004,1.3100000000000003,971550.3494316301
1.4100000000000004,1.4100000000000004,918422.0412032861
1.4100000000000004,1.51,868594.0460600755
1.4100000000000004,1.61,821838.6722939464
1.4100000000000004,1.7100000000000002,777945.4191931536
1.4100000000000004,1.8100000000000003,736719.5588614006
1.4100000000000004,1.9100000000000004,697980.8704842525
1.5100000000000005,-0.99,4.034032483795246e6
1.5100000000000005,-0.89,3.767312165725902e6
1.5100000000000005,-0.79,3.5203728931163964e6
1.5100000000000005,-0.69,3.291600066169917e6
1.5100000000000005,-0.59,3.0795221125515383e6
1.5100000000000005,-0.49,2.8827970584468395e6
1.5100000000000005,-0.3899999999999999,2.7002001344223977e6
1.5100000000000005,-0.2899999999999999,2.5306128018334275e6
1.5100000000000005,-0.18999999999999995,2.373012817488067e6
1.5100000000000005,-0.08999999999999997,2.226465335305683e6
1.5100000000000005,0.010000000000000009,2.0901148431890088e6
1.5100000000000005,0.1100000000000001,1.963177886767659e6
1.5100000000000005,0.2100000000000002,1.844936606361365e6
1.5100000000000005,0.31000000000000005,1.7347327056909576e6
1.5100000000000005,0.41000000000000014,1.6319622486072057e6
1.5100000000000005,0.51,1.5360707208759554e6
1.5100000000000005,0.6100000000000001,1.4465487121609384e6
1.5100000000000005,0.7100000000000002,1.3629279610550473e6
1.5100000000000005,0.81,1.2847777336437493e6
1.5100000000000005,0.9100000000000001,1.211701635082454e6
1.5100000000000005,1.01,1.1433346042302814e6
1.5100000000000005,1.11,1.079340259461153e6
1.5100000000000005,1.2100000000000002,1.0194084604315452e6
1.5100000000000005,1.3100000000000003,963253.1060450417
1.5100000000000005,1.4100000000000004,910610.1054804189
1.5100000000000005,1.51,861235.5585555731
1.5100000000000005,1.61,814904.0846686015
1.5100000000000005,1.7100000000000002,771407.3063622895
1.5100000000000005,1.8100000000000003,730552.4573988906
1.5100000000000005,1.9100000000000004,692161.1028904705
1.6100000000000003,-0.99,3.997526743227662e6
1.6100000000000003,-0.89,3.733371358103402e6
1.6100000000000003,-0.79,3.4887969812893555e6
1.6100000000000003,-0.69,3.262205978454256e6
1.6100000000000003,-0.59,3.0521423441315717e6
1.6100000000000003,-0.49,2.8572781032724776e6
1.6100000000000003,-0.3899999999999999,2.676401330329949e6
1.6100000000000003,-0.2899999999999999,2.508405110760977e6
1.6100000000000003,-0.18999999999999995,2.352277796915976e6
1.6100000000000003,-0.08999999999999997,2.207094198730726e6
1.6100000000000003,0.010000000000000009,2.0720076104383506e6
1.6100000000000003,0.1100000000000001,1.9462426282173658e6
1.6100000000000003,0.2100000000000002,1.8290886775838896e6
1.6100000000000003,0.31000000000000005,1.7198942287893281e6
1.6100000000000003,0.41000000000000014,1.6180614084642306e6
1.6100000000000003,0.51,1.523041339199162e6
1.6100000000000003,0.6100000000000001,1.4343297351539056e6
1.6100000000000003,0.7100000000000002,1.35146303166076e6
1.6100000000000003,0.81,1.2740147991758727e6
1.6100000000000003,0.9100000000000001,1.2015925925357519e6
1.6100000000000003,1.01,1.1338349733157565e6
1.6100000000000003,1.11,1.0704088898397982e6
1.6100000000000003,1.2100000000000002,1.0110072609875898e6
1.6100000000000003,1.3100000000000003,955346.7846522776
1.6100000000000003,1.4100000000000004,903165.9669415543
1.6100000000000003,1.51,854223.2871360644
1.6100000000000003,1.61,808295.5505394504
1.6100000000000003,1.7100000000000002,765176.4005273693
1.6100000000000003,1.8100000000000003,724674.9263556203
1.6100000000000003,1.9100000000000004,686614.4233595215
1.7100000000000002,-0.99,3.9627055352675575e6
1.7100000000000002,-0.89,3.7009954670877717e6
1.7100000000000002,-0.79,3.4586757247125786e6
1.7100000000000002,-0.69,3.2341649562040954e6
1.7100000000000002,-0.59,3.0260218792906725e6
1.7100000000000002,-0.49,2.8329319578274107e6
1.7100000000000002,-0.3899999999999999,2.6536954159517465e6
1.7100000000000002,-0.2899999999999999,2.487216431876262e6
1.7100000000000002,-0.18999999999999995,2.3324934817314525e6
1.7100000000000002,-0.08999999999999997,2.188610550867518e6
1.7100000000000002,0.010000000000000009,2.0547293262172842e6
1.7100000000000002,0.1100000000000001,1.9300820641190528e6
1.7100000000000002,0.2100000000000002,1.8139651761958653e6
1.7100000000000002,0.31000000000000005,1.705733509555986e6
1.7100000000000002,0.41000000000000014,1.6047950362332338e6
1.7100000000000002,0.51,1.5106062140752634e6
1.7100000000000002,0.6100000000000001,1.422667644366739e6
1.7100000000000002,0.7100000000000002,1.3405202351732121e6
1.7100000000000002,0.81,1.2637416785269955e6
1.7100000000000002,0.9100000000000001,1.1919432814618822e6
1.7100000000000002,1.01,1.1247670560776172e6
1.7100000000000002,1.11,1.0618831247983112e6
1.7100000000000002,1.2100000000000002,1.0029873188266075e6
1.7100000000000002,1.3100000000000003,947799.0154377827
1.7100000000000002,1.4100000000000004,896059.1917756135
1.7100000000000002,1.51,847528.5867658228
1.7100000000000002,1.61,801986.1012307222
1.7100000000000002,1.7100000000000002,759227.2947567321
1.7100000000000002,1.8100000000000003,719063.0400250022
1.7100000000000002,1.9100000000000004,681318.2670904842
1.8100000000000003,-0.99,3.9294331528269025e6
1.8100000000000003,-0.89,3.670058444572569e6
1.8100000000000003,-0.79,3.429892046451248e6
1.8100000000000003,-0.69,3.2073681238386086e6
1.8100000000000003,-0.59,3.001059469028486e6
1.8100000000000003,-0.49,2.8096643339130837e6
1.8100000000000003,-0.3899999999999999,2.6319945633738446e6
1.8100000000000003,-0.2899999999999999,2.466964928223517e6
1.8100000000000003,-0.18999999999999995,2.313583533868244e6
1.8100000000000003,-0.08999999999999997,2.170943168750756e6
1.8100000000000003,0.010000000000000009,2.0382134874986208e6
1.8100000000000003,0.1100000000000001,1.9146340770974332e6
1.8100000000000003,0.2100000000000002,1.7995080194856732e6
1.8100000000000003,0.31000000000000005,1.692196245740471e6
1.8100000000000003,0.41000000000000014,1.592112312915761e6
1.8100000000000003,0.51,1.4987177695186562e6
1.8100000000000003,0.6100000000000001,1.4115178737674048e6
1.8100000000000003,0.7100000000000002,1.330057812885747e6
1.8100000000000003,0.81,1.2539192071383104e6
1.8100000000000003,0.9100000000000001,1.1827169452975267e6
1.8100000000000003,1.01,1.116096346852329e6
1.8100000000000003,1.11,1.053730548699665e6
1.8100000000000003,1.2100000000000002,995318.1776501
1.8100000000000003,1.3100000000000003,940581.1729988877
1.8100000000000003,1.4100000000000004,889262.8485122788
1.8100000000000003,1.51,841126.1215584328
1.8100000000000003,1.61,795951.8789628813
1.8100000000000003,1.7100000000000002,753537.5278108781
1.8100000000000003,1.8100000000000003,713695.6287694416
1.8100000000000003,1.9100000000000004,676252.6751036297
1.9100000000000001,-0.99,3.8975891336022024e6
1.9100000000000001,-0.89,3.6404484269233695e6
1.9100000000000001,-0.79,3.4023420257542282e6
1.9100000000000001,-0.69,3.1817188525253143e6
1.9100000000000001,-0.59,2.9771651867486746e6
1.9100000000000001,-0.49,2.787391515422781e6
1.9100000000000001,-0.3899999999999999,2.61122080474948e6
1.9100000000000001,-0.2899999999999999,2.4475779230362726e6
1.9100000000000001,-0.18999999999999995,2.2954801951190894e6
1.9100000000000001,-0.08999999999999997,2.154028794998292e6
1.9100000000000001,0.010000000000000009,2.0224010566190465e6
1.9100000000000001,0.1100000000000001,1.8998435119671708e6
1.9100000000000001,0.2100000000000002,1.7856656626843638e6
1.9100000000000001,0.31000000000000005,1.6792342264520475e6
1.9100000000000001,0.41000000000000014,1.5799681258419794e6
1.9100000000000001,0.51,1.4873337493577322e6
1.9100000000000001,0.6100000000000001,1.400840837952916e6
1.9100000000000001,0.7100000000000002,1.320038669911453e6
1.9100000000000001,0.81,1.2445126006963253e6
1.9100000000000001,0.9100000000000001,1.1738809552043173e6
1.9100000000000001,1.01,1.107792212029564e6
1.9100000000000001,1.11,1.0459224062431924e6
1.9100000000000001,1.2100000000000002,987972.821298501
1.9100000000000001,1.3100000000000003,933667.8441381553
1.9100000000000001,1.4100000000000004,882753.0419270055
1.9100000000000001,1.51,834993.3959253402
1.9100000000000001,1.61,790171.7136277383
1.9100000000000001,1.7100000000000002,748087.1565172137
1.9100000000000001,1.8100000000000003,708553.8965878843
1.9100000000000001,1.9100000000000004,671399.930445663
